id,hs,hst,hf,hc,hy,hr,b365h,b365d,bwh,bwd,iwh,iwd,psh,psd,whh,whd,vch,vcd,bb_mx_h,bb_av_h,bb_mx_d,bb_av_d,bb_ou,bb_mx_2_5,bb_av_2_5,bb_mx_2_5_1,bb_av_2_5_1,bb_ah,bb_a_hh,bb_mx_ahh,bb_av_ahh,bb_mx_aha,bb_av_aha,psch,pscd,target
1,23,6,7,10,2,0,1.95,3.5,1.91,3.5,1.9,3.5,1.93,3.59,1.85,3.5,1.95,3.5,2.02,1.94,3.6,3.48,37,2.13,2.05,1.85,1.78,22,-0.75,2.26,2.21,1.75,1.71,1.96,3.39,0
2,21,5,5,8,1,0,1.28,6.5,1.26,6,1.27,5.8,1.3,6.14,1.29,6,1.29,6,1.32,1.28,6.5,5.9,35,1.56,1.52,2.63,2.53,20,-1.75,2.12,2.06,1.86,1.81,1.37,5.25,0
3,17,6,8,7,1,0,1.28,6.5,1.28,5.75,1.33,5.5,1.27,6.08,1.25,6,1.29,6,1.33,1.27,6.5,5.94,34,1.55,1.51,2.7,2.52,23,-1.5,1.87,1.78,2.16,2.09,1.26,6.11,0
4,26,11,12,6,1,0,1.9,3.79,1.83,3.75,1.9,3.5,1.91,3.72,1.91,3.75,1.9,3.75,1.98,1.89,3.9,3.67,38,1.85,1.76,2.15,2.06,19,-0.5,1.94,1.88,2.03,1.98,2.08,3.56,0
5,20,6,11,3,3,0,2.5,3.2,2.5,3.1,2.5,3.1,2.52,3.17,2.5,3.1,2.5,3.2,2.57,2.47,3.2,3.1,33,2.51,2.39,1.62,1.57,20,-0.25,2.15,2.1,1.83,1.8,2.73,3.1,0
6,14,5,16,5,1,0,1.22,7,1.2,7,1.25,6,1.23,7.25,1.2,7,1.22,7,1.25,1.21,7.25,6.69,33,1.56,1.52,2.62,2.53,24,-2,2.12,2.05,1.85,1.81,1.21,7.8,0
7,15,4,14,4,3,0,1.22,7,1.25,6.5,1.25,6.1,1.22,6.92,1.2,6,1.22,7,1.25,1.23,7.35,6.77,33,1.44,1.41,3.25,2.9,22,-2,2.1,2,1.93,1.87,1.22,6.98,1
8,20,6,17,8,6,0,1.89,3.79,1.85,3.6,1.95,3.45,1.88,3.85,1.85,3.6,1.87,3.75,1.95,1.88,3.95,3.69,40,1.9,1.84,2.05,1.98,19,-0.5,1.91,1.86,2.07,2.01,1.86,3.72,0
9,14,4,15,7,1,0,2.2,3.2,2.15,3.1,2.1,3.3,2.19,3.15,2.2,3.1,2.2,3.13,2.25,2.17,3.3,3.13,35,2.75,2.58,1.55,1.5,21,-0.25,1.87,1.82,2.1,2.05,2.21,3.19,0
10,6,4,5,3,1,0,4.2,3.79,4.25,3.8,4.3,3.5,4.75,3.93,4.33,3.8,4.6,4,4.81,4.42,4,3.8,37,1.76,1.69,2.3,2.18,21,0.75,1.91,1.86,2.06,2,5.18,4.05,0
11,19,3,11,10,1,0,1.95,3.5,1.83,3.5,2,3.4,1.97,3.46,1.85,3.5,1.93,3.5,2,1.92,3.6,3.46,32,2.05,1.99,1.88,1.83,14,-0.5,1.97,1.92,2,1.96,2.08,3.36,1
12,9,2,14,4,1,0,1.28,6,1.26,5.75,1.25,6,1.29,6.26,1.29,5.5,1.29,6,1.3,1.28,6.35,5.75,29,1.67,1.63,2.39,2.27,22,-1.75,2.12,2.05,1.85,1.8,1.3,6.2,1
13,11,3,10,6,0,0,3.25,3.4,3.5,3.3,3.4,3.3,3.54,3.41,3.4,3.3,3.6,3.4,3.6,3.44,3.46,3.36,35,2.1,2.01,1.9,1.81,21,0.25,2.03,1.98,1.93,1.89,3.27,3.34,1
14,20,10,11,3,0,0,1.28,6,1.25,6,1.33,5.3,1.28,6.02,1.29,5.5,1.29,6,1.33,1.28,6.4,5.67,33,1.75,1.7,2.25,2.17,20,-1.5,1.9,1.85,2.07,2.02,1.28,6.12,1
15,12,4,10,5,2,0,2.37,3,2.45,3,2.4,3.1,2.5,2.99,2.5,2.9,2.45,3,2.54,2.45,3.12,2.98,36,2.95,2.76,1.48,1.44,22,-0.25,2.11,2.05,1.87,1.82,2.37,3.03,1
16,19,3,6,4,1,0,1.9,3.5,1.91,3.4,2,3.4,1.95,3.45,1.88,3.4,1.93,3.5,2,1.93,3.5,3.4,34,2.3,2.21,1.72,1.68,19,-1,2.91,2.83,1.5,1.45,1.82,3.52,1
17,8,3,14,0,1,1,3.79,3.6,3.9,3.6,3.8,3.4,3.84,3.71,4,3.3,4,3.6,4,3.77,3.75,3.52,31,1.87,1.81,2.13,2.01,18,0.25,2.24,2.16,1.78,1.73,4.7,3.88,0
18,11,5,10,4,2,0,1.8,3.79,1.75,3.7,1.85,3.5,1.75,4.01,1.75,3.6,1.75,4,1.85,1.75,4.1,3.82,38,1.81,1.75,2.15,2.07,20,-0.75,2,1.94,1.95,1.91,1.79,3.85,1
19,9,4,14,3,0,0,6,4.2,6,4.2,5.5,4,5.74,4.29,5.5,3.8,6,4,6.5,5.75,4.3,4.06,37,1.89,1.82,2.08,1.99,21,1,1.9,1.84,2.13,2.04,6.88,4.27,0
20,14,4,17,4,3,0,2.89,3.39,2.95,3.2,2.75,3.25,2.96,3.44,2.88,3.25,3,3.4,3.03,2.9,3.49,3.33,42,2.05,1.97,1.91,1.84,19,0.25,1.79,1.75,2.2,2.13,3.1,3.35,0
21,17,7,13,3,1,0,2.1,3.5,2.1,3.25,2.2,3.35,2.13,3.5,2.1,3.5,2.1,3.5,2.2,2.1,3.52,3.42,32,1.95,1.89,1.98,1.91,20,-0.25,1.85,1.81,2.13,2.08,2.32,3.26,1
22,20,5,11,6,1,0,1.3,5.75,1.3,5.5,1.3,5.5,1.32,5.62,1.29,5.5,1.3,5.5,1.33,1.3,6,5.49,35,1.73,1.68,2.29,2.2,22,-1.5,2,1.93,2,1.94,1.38,5.02,1
23,13,10,5,6,1,0,1.19,8,1.18,7.5,1.2,6.5,1.2,7.85,1.2,6.5,1.18,8,1.22,1.19,8.12,7.39,32,1.47,1.41,3,2.89,22,-2,1.9,1.84,2.11,2.03,1.17,9,1
24,12,4,8,6,3,0,2,3.6,1.95,3.6,2,3.4,2.06,3.62,2,3.5,2,3.7,2.1,2.01,3.7,3.55,35,1.91,1.87,2.05,1.95,19,-0.25,1.77,1.73,2.25,2.18,2.37,3.37,0
25,20,7,2,12,0,0,1.16,9,1.16,7.5,1.17,7.5,1.16,8.38,1.14,8,1.15,9,1.18,1.16,9.25,8.12,34,1.4,1.34,3.55,3.36,21,-2,1.78,1.73,2.3,2.16,1.11,11.44,1
26,3,0,6,3,1,0,15,6.5,13,6.5,11,6,13.25,6.89,13,6,13,6.5,15,13.18,7,6.47,32,1.53,1.49,2.75,2.58,19,2,1.87,1.8,2.11,2.06,13.75,6.95,0
27,20,6,7,4,2,0,2.6,3.1,2.5,3.1,2.65,3.2,2.61,3.19,2.55,3.1,2.6,3.13,2.65,2.56,3.2,3.11,34,2.6,2.45,1.6,1.55,19,-0.25,2.21,2.15,1.78,1.75,2.58,3.15,1
28,8,5,16,2,4,0,3.39,3.5,3.3,3.6,3.15,3.3,3.44,3.56,3.3,3.4,3.3,3.5,3.5,3.32,3.6,3.45,33,1.9,1.83,2.04,1.98,23,0.25,2.01,1.94,1.98,1.92,3.42,3.57,0
29,18,7,12,9,4,0,3.6,3.7,3.6,3.5,3.5,3.4,3.62,3.64,3.4,3.5,3.6,3.6,3.62,3.54,3.7,3.57,36,1.76,1.71,2.27,2.14,20,0.25,2.13,2.07,1.85,1.82,3.9,3.98,0
30,15,7,8,4,2,0,1.3,5.75,1.3,5.25,1.35,5.3,1.32,5.85,1.33,5,1.3,5.75,1.35,1.31,6,5.43,34,1.61,1.57,2.54,2.4,19,-1.75,2.18,2.11,1.81,1.77,1.37,5.45,1
31,15,6,5,5,1,0,1.57,4.33,1.55,4.1,1.55,4,1.59,4.19,1.57,4.2,1.6,4.1,1.6,1.57,4.33,4.12,39,1.91,1.85,2.02,1.95,23,-1,2.06,2,1.92,1.86,1.6,3.85,0
32,19,6,16,8,3,2,1.25,6.5,1.22,6.5,1.22,6.2,1.26,6.3,1.25,5.5,1.25,6.25,1.27,1.24,6.55,6.06,36,1.71,1.66,2.33,2.23,20,-1.75,2.03,1.97,1.95,1.9,1.33,5.4,0
33,4,1,13,3,2,0,4.75,4.1,4.33,4.1,4.3,3.8,4.76,4.24,4.4,4.2,4.8,4.1,4.8,4.51,4.35,4.1,32,1.62,1.58,2.55,2.36,19,1,1.75,1.68,2.35,2.24,5.42,4.29,0
34,9,3,12,5,2,0,2.54,3.2,2.5,3.1,2.6,3.15,2.65,3.15,2.5,3.1,2.6,3.2,2.66,2.54,3.26,3.13,36,2.43,2.33,1.67,1.6,20,-0.25,2.24,2.15,1.79,1.73,2.96,3.12,0
35,27,5,7,8,2,0,2.25,3.4,2.15,3.3,2.2,3.25,2.24,3.35,2.15,3.3,2.25,3.3,2.25,2.21,3.4,3.3,32,2.28,2.19,1.73,1.68,18,-0.25,1.93,1.89,2.03,1.97,2.3,3.41,0
36,16,6,12,3,4,0,4.33,3.6,4.2,3.6,3.9,3.5,4.3,3.52,4.2,3.5,4.3,3.6,4.5,4.2,3.65,3.53,35,1.95,1.89,2,1.92,21,0.75,1.75,1.71,2.28,2.21,4.29,3.58,0
37,28,9,10,11,1,0,1.28,6,1.26,6,1.22,6.5,1.29,5.73,1.25,5.8,1.29,6,1.31,1.28,6.5,5.83,34,1.6,1.55,2.55,2.45,22,-1.5,1.88,1.82,2.2,2.06,1.34,5.22,0
38,19,7,13,8,3,0,2.8,3.25,2.75,3.1,2.75,3.1,2.85,3.21,2.75,3.1,2.88,3.13,2.88,2.79,3.25,3.14,33,2.45,2.36,1.65,1.6,20,-0.25,2.41,2.35,1.67,1.63,2.73,3.1,1
39,8,4,15,5,2,0,5,4,4.75,3.7,4.8,3.9,4.99,3.93,4.4,3.8,5,3.9,5,4.76,4,3.81,39,1.85,1.8,2.1,2.02,23,1,1.68,1.63,2.42,2.33,5.52,3.99,0
40,13,4,13,5,2,0,2.29,3.2,2.2,3.1,2.1,3.4,2.32,3.21,2.3,3.1,2.3,3.2,2.35,2.27,3.4,3.15,35,2.57,2.46,1.6,1.55,21,-0.25,1.98,1.92,2,1.94,2.25,3.16,0
41,6,2,10,2,0,0,9,5,8.5,5,9.5,5.5,10.3,5.47,8.5,4.8,10.5,5.4,10.5,9.14,5.5,5.12,36,1.68,1.62,2.38,2.29,19,1.5,1.9,1.85,2.06,2.01,10.55,5.63,0
42,4,2,7,3,1,0,2.3,3.25,2.3,3.2,2.5,3.3,2.36,3.23,2.38,3.1,2.38,3.2,2.5,2.33,3.3,3.19,31,2.42,2.35,1.65,1.59,16,-0.25,2.02,1.98,1.94,1.9,2.2,3.36,1
43,8,2,10,10,0,0,2.4,3.6,2.35,3.5,2.35,3.5,2.4,3.71,2.3,3.6,2.4,3.6,2.45,2.37,3.71,3.56,34,1.8,1.73,2.2,2.11,17,0,1.8,1.74,2.23,2.15,2.21,3.69,1
44,7,3,13,7,3,0,2.5,3.25,2.4,3.25,2.3,3.3,2.51,3.31,2.5,3.1,2.38,3.25,2.51,2.42,3.31,3.2,33,2.26,2.22,1.72,1.67,19,-0.25,2.14,2.08,1.85,1.81,2.83,3.21,1
45,11,5,7,1,0,0,7,4,6.5,3.9,6,4,6.85,4.04,6.5,3.9,6.5,4.1,7.2,6.61,4.15,3.97,34,2.05,1.96,1.92,1.86,23,1,1.95,1.87,2.07,2.01,7.49,4.16,0
46,19,12,11,4,1,0,1.33,6,1.3,6,1.35,5.3,1.32,6.24,1.29,6,1.3,6.25,1.35,1.3,6.45,6,33,1.4,1.35,3.45,3.19,22,-2,2.45,2.26,1.75,1.67,1.26,7.19,1
47,13,6,13,4,1,0,2.6,3.25,2.6,3.1,2.55,3.1,2.64,3.22,2.6,3.1,2.7,3.25,2.7,2.59,3.25,3.15,34,2.4,2.32,1.66,1.62,19,-0.25,2.25,2.18,1.77,1.73,2.79,3.17,1
48,16,4,8,9,1,0,2.14,3.4,2.15,3.3,2,3.4,2.18,3.38,2.1,3.3,2.15,3.4,2.24,2.14,3.4,3.32,39,2.2,2.11,1.78,1.73,22,-0.25,1.86,1.83,2.1,2.05,2.15,3.29,0
49,9,3,11,2,2,0,4,3.8,3.7,3.75,3.6,3.6,4,3.97,3.8,3.8,3.9,4,4.15,3.83,4,3.8,36,1.6,1.55,2.55,2.42,20,0.75,1.78,1.74,2.21,2.15,4.43,4.13,0
50,12,4,16,1,4,0,4.5,3.8,4.2,3.7,4.15,3.7,4.34,3.78,4.2,3.7,4.4,3.75,4.75,4.26,3.9,3.74,33,1.85,1.8,2.1,2.03,20,0.75,1.81,1.77,2.17,2.11,4.5,3.87,1
51,17,2,16,3,0,0,2,3.29,2,3.2,2,3.3,2.02,3.3,2.05,3.1,2,3.3,2.07,2.01,3.35,3.25,33,2.5,2.38,1.63,1.59,20,-0.25,1.75,1.71,2.27,2.21,2.18,3.22,1
52,12,6,16,9,2,0,1.61,3.89,1.6,3.8,1.65,3.8,1.59,4.03,1.62,3.75,1.6,4,1.65,1.6,4.1,3.88,33,2.15,2.07,1.82,1.76,21,-1,2.11,2.04,1.86,1.83,1.67,3.9,0
53,3,0,12,3,3,0,2.25,3.25,2.2,3.1,2.2,3.1,2.26,3.23,2.2,3.1,2.3,3.13,2.32,2.25,3.25,3.17,36,2.65,2.5,1.62,1.54,22,-0.25,1.95,1.91,2.02,1.97,2.16,3.24,0
54,28,5,9,10,0,0,1.25,6.5,1.22,6.5,1.27,6,1.26,6.45,1.25,5.5,1.25,6,1.27,1.24,6.55,6.16,34,1.7,1.66,2.32,2.23,15,-1.75,1.97,1.94,1.98,1.95,1.22,7.25,0
55,16,9,7,8,0,0,1.33,5.75,1.33,5.5,1.35,5.3,1.34,5.58,1.32,5.25,1.36,5.5,1.38,1.34,6,5.44,34,1.48,1.44,2.9,2.72,23,-1.5,2,1.95,1.95,1.91,1.39,5.24,1
56,6,2,16,7,4,0,5,4,4.75,3.9,4.5,3.6,5.14,4.18,5,3.8,5,4.1,5.3,4.9,4.2,3.93,30,1.75,1.69,2.26,2.18,19,0.75,2.02,1.99,1.94,1.89,5.26,4.44,0
57,35,9,7,12,1,0,1.29,6,1.26,5.75,1.3,5.5,1.27,6.3,1.29,5,1.25,6,1.3,1.26,6.4,5.89,33,1.62,1.55,2.62,2.44,15,-1.75,2.01,1.94,1.99,1.92,1.26,6.6,0
58,6,2,6,3,0,0,11,5.5,11,5.25,8,5.3,10.95,5.55,10,4.8,10,5.5,11.5,10.1,5.6,5.25,35,1.7,1.63,2.4,2.27,20,1.5,1.95,1.91,2.01,1.96,11.75,6.15,0
59,11,5,13,8,3,1,1.83,3.5,1.83,3.4,2,3.4,1.84,3.49,1.85,3.3,1.83,3.6,2,1.82,3.6,3.42,30,2.25,2.16,1.75,1.69,19,-0.5,1.86,1.82,2.11,2.07,1.81,3.66,1
60,5,3,12,2,0,0,7.5,4.5,7,4.2,6.5,4.2,7.09,4.66,6.5,4.2,7.5,4.6,7.5,6.79,4.71,4.41,36,1.8,1.73,2.21,2.11,20,1.25,1.84,1.81,2.13,2.07,9.5,5.6,0
61,11,3,13,4,2,0,2.05,3.4,2,3.3,1.9,3.5,2.03,3.4,2,3.4,2.05,3.4,2.13,2.01,3.5,3.32,28,2.18,2.1,1.82,1.73,15,-0.25,1.78,1.71,2.26,2.19,2,3.38,0
62,13,6,9,1,0,0,1.95,3.75,1.95,3.5,1.9,3.5,1.99,3.62,1.91,3.6,1.95,3.6,2.02,1.96,3.75,3.56,34,1.97,1.9,1.97,1.91,20,-0.25,1.75,1.7,2.29,2.22,2.05,3.55,0
63,7,1,6,6,4,0,1.39,5.25,1.36,5.25,1.25,6,1.4,5.46,1.33,5.5,1.33,5.25,1.43,1.37,6,5.12,37,1.62,1.56,2.55,2.4,19,-1.5,2.16,2.08,1.86,1.79,1.53,4.27,1
64,5,2,10,1,2,0,21,8.5,21,8,18,7.8,21.51,8.28,19,8,21,8.5,28,20.84,10,8.34,34,1.53,1.49,2.85,2.61,21,2.5,1.78,1.73,2.23,2.15,24.77,9.86,0
65,14,8,13,6,2,0,1.36,5.25,1.35,5,1.35,5.3,1.4,5.08,1.36,5,1.36,5.25,1.4,1.36,5.5,5.02,31,1.67,1.6,2.45,2.32,19,-1.25,1.93,1.85,2.1,2.03,1.37,5.35,1
66,21,7,5,4,0,0,1.07,15,1.05,14,1.07,12,1.08,13.99,1.05,13,1.07,15,1.09,1.07,17,13.61,32,1.25,1.22,4.75,4.17,21,-3,1.93,1.89,2.02,1.97,1.08,14.1,1
67,15,4,11,4,1,0,1.3,6,1.28,6,1.3,5.5,1.29,6.44,1.27,6,1.29,6.25,1.32,1.28,6.6,6.06,34,1.47,1.43,2.95,2.8,21,-1.5,1.82,1.76,2.2,2.13,1.27,6.62,1
68,29,12,11,12,2,0,1.83,3.5,1.83,3.4,1.8,3.4,1.85,3.43,1.78,3.3,1.83,3.4,1.87,1.83,3.5,3.39,32,2.63,2.47,1.6,1.55,18,-1,2.8,2.66,1.53,1.5,1.91,3.39,1
69,10,6,6,8,1,0,1.22,7,1.22,6.25,1.25,6.1,1.22,6.67,1.2,7,1.22,6.5,1.26,1.23,7,6.35,37,1.75,1.68,2.35,2.21,24,-2,2.32,2.25,1.75,1.68,1.2,6.8,1
70,24,9,6,12,1,0,1.18,8,1.18,7.5,1.2,7,1.19,7.47,1.17,7.5,1.18,8,1.22,1.19,8.5,7.34,36,1.51,1.47,2.9,2.67,23,-2,1.99,1.93,2.13,1.94,1.2,7.16,1
71,15,6,10,3,1,0,3.1,3.4,3.1,3.3,2.85,3.3,3.08,3.36,3,3.3,3.1,3.4,3.28,3.06,3.4,3.31,32,2.15,2.04,1.83,1.78,17,0,2.23,2.17,1.77,1.74,3.15,3.34,0
72,13,2,7,5,3,0,7.5,3.89,6.5,3.9,6.2,4,6.98,3.95,7,3.8,7,3.9,7.5,6.64,4,3.82,35,2.25,2.18,1.74,1.69,21,1,1.86,1.81,2.14,2.06,7.5,4.05,0
73,11,3,12,6,3,0,3.8,3.75,3.9,3.5,3.6,3.5,3.94,3.55,3.75,3.5,3.9,3.7,4,3.79,3.75,3.55,35,1.9,1.81,2.12,2.02,21,0.25,2.22,2.17,1.77,1.73,4.34,3.49,0
74,19,9,6,8,0,1,1.2,7.5,1.18,7.25,1.2,7,1.19,7.45,1.17,7.5,1.2,7.5,1.22,1.19,7.75,7.18,35,1.53,1.49,2.75,2.59,21,-2,2.05,1.99,1.92,1.87,1.24,6.86,1
75,15,4,7,5,4,0,1.4,5.25,1.4,4.75,1.45,4.5,1.42,5.17,1.44,5,1.4,5,1.46,1.42,5.25,4.89,32,1.6,1.55,2.55,2.43,22,-1,1.7,1.65,2.37,2.29,1.4,5.04,0
76,19,7,8,4,0,0,2.37,3.29,2.35,3.2,2.45,3.3,2.33,3.38,2.4,3.2,2.38,3.3,2.45,2.35,3.4,3.26,34,2.25,2.11,1.8,1.73,21,-0.25,2.05,1.99,1.94,1.88,2.36,3.13,1
77,16,7,12,8,1,0,2.14,3.2,2.1,3.2,1.9,3.3,2.13,3.17,2.1,3.2,2.15,3.13,2.22,2.11,3.3,3.12,32,2.69,2.55,1.55,1.5,19,-0.25,1.82,1.78,2.16,2.1,2.41,2.98,1
78,11,4,12,7,2,0,2.75,3.4,2.65,3.3,2.65,3.3,2.76,3.41,2.62,3.3,2.75,3.4,2.8,2.7,3.44,3.34,35,1.95,1.9,2.05,1.92,20,-0.25,2.39,2.3,1.7,1.66,2.94,3.41,1
79,15,3,11,6,2,0,2.7,3.2,2.7,3.1,2.75,3.25,2.82,3.2,2.8,3.1,2.75,3.2,2.9,2.75,3.26,3.15,37,2.35,2.26,1.71,1.64,18,-0.25,2.38,2.32,1.69,1.65,2.7,3.34,0
80,10,3,13,1,1,0,7,4.33,7,4.2,6.2,4,7.49,4.5,7,4,7.5,4.33,7.6,6.97,4.54,4.23,42,2.05,1.93,1.99,1.88,22,1,2.12,2.05,1.85,1.82,7.8,4.85,0
81,8,1,10,4,2,0,2.62,3.2,2.55,3.2,2.6,3.1,2.72,3.15,2.62,3.1,2.7,3.13,2.72,2.64,3.2,3.12,34,2.45,2.34,1.65,1.6,21,-0.25,2.29,2.23,1.75,1.7,2.73,3.2,1
82,11,8,10,4,2,1,1.33,4.75,1.33,5.25,1.33,5.3,1.37,5.45,1.35,5.25,1.36,5.4,1.39,1.36,5.75,5.26,35,1.57,1.54,2.64,2.49,23,-1.5,2.08,2.01,1.92,1.86,1.39,5.35,1
83,9,2,12,1,1,0,4.75,3.79,4.33,3.75,4.5,3.6,4.65,3.88,4.5,3.8,4.75,3.8,4.75,4.46,3.9,3.74,41,1.86,1.81,2.1,2.01,20,0.75,1.88,1.83,2.09,2.03,4.61,3.84,0
84,28,8,4,10,0,0,1.1,12,1.08,11,1.1,9.1,1.1,12.59,1.07,12,1.1,12,1.12,1.09,12.87,11.16,34,1.35,1.3,3.65,3.44,22,-2.75,2.07,2.01,1.9,1.86,1.1,11.74,1
85,20,6,8,8,0,0,1.66,4,1.65,3.8,1.6,4,1.68,3.91,1.7,3.9,1.67,4,1.7,1.66,4.1,3.88,32,1.9,1.84,2.15,1.99,21,-1,2.25,2.16,1.8,1.75,1.71,3.85,1
86,12,5,13,10,1,0,1.4,5.25,1.4,4.75,1.4,4.8,1.42,4.88,1.4,4.75,1.4,4.8,1.44,1.4,5.25,4.81,36,1.8,1.76,2.17,2.07,23,-1,1.71,1.66,2.38,2.28,1.46,4.47,0
87,7,2,13,6,2,0,3.29,3.2,3.2,3.1,3,3.1,3.34,3.27,3.3,3.1,3.4,3.2,3.4,3.24,3.27,3.13,31,2.5,2.37,1.65,1.58,20,0.25,1.89,1.84,2.08,2.03,3.4,3.32,0
88,18,3,11,7,1,0,6,4.33,5.5,4.33,5,4,5.88,4.48,5.5,4.2,6,4.4,6.05,5.58,4.58,4.31,37,1.56,1.5,2.69,2.55,21,1,2,1.94,1.96,1.92,5.7,4.74,0
89,24,8,14,6,5,0,2.04,3.5,2,3.4,2.1,3.3,2.04,3.47,1.91,3.4,2.1,3.5,2.1,2.01,3.53,3.41,32,2.13,2.08,1.81,1.75,23,-0.25,1.78,1.73,2.24,2.16,1.97,3.62,0
90,10,5,11,6,1,0,4.5,4,4.4,3.8,4.2,3.9,4.58,4.06,4.5,3.8,4.6,4,4.6,4.35,4.12,3.95,33,1.53,1.49,2.75,2.6,19,0.75,1.94,1.89,2.02,1.97,4.75,4.33,0
91,23,4,11,13,2,0,1.85,3.75,1.85,3.8,1.9,3.5,1.88,3.72,1.85,3.6,1.85,3.8,1.92,1.85,3.9,3.7,35,1.82,1.76,2.14,2.08,20,-0.75,2.14,2.09,1.83,1.79,1.9,3.6,0
92,13,7,11,8,2,1,1.57,4.5,1.53,4.4,1.55,4,1.56,4.45,1.57,4.2,1.55,4.5,1.6,1.56,4.55,4.32,38,1.7,1.64,2.33,2.26,20,-1,1.98,1.91,2,1.95,1.79,3.82,1
93,27,11,3,7,0,0,1.06,17,1.06,13,1.07,12,1.07,14.96,1.05,13,1.06,15,1.08,1.06,17.25,14.37,31,1.24,1.22,4.5,4.15,21,-3,1.88,1.81,2.14,2.05,1.08,14.62,1
94,15,3,5,6,0,0,2.15,3.4,2.1,3.3,2.2,3.35,2.17,3.44,2.1,3.3,2.15,3.4,2.2,2.14,3.44,3.34,35,2.14,2.06,1.86,1.77,16,-0.25,1.87,1.83,2.1,2.05,2.17,3.41,1
95,6,2,9,1,2,0,19,8,16.5,7.5,13,7,14.57,7.67,17,6.5,18,7.5,19,16.18,8.1,7.41,33,1.5,1.46,3,2.69,22,2,2,1.93,2.02,1.94,15.43,8.13,1
96,7,2,10,2,0,1,2.5,3,2.35,3,2.45,2.95,2.5,3.06,2.45,3,2.55,3,2.56,2.47,3.06,2.97,34,2.9,2.74,1.5,1.45,21,-0.25,2.12,2.08,1.85,1.81,2.43,2.93,0
97,16,4,11,5,0,0,2.5,3.39,2.4,3.3,2.4,3.3,2.5,3.48,2.5,3.25,2.55,3.4,2.55,2.46,3.5,3.33,34,2,1.94,1.92,1.88,19,-0.25,2.19,2.11,1.82,1.77,2.79,3.35,0
98,10,5,5,3,2,0,9.5,5.25,8.5,5,8,5,9.66,5.31,9.5,5,10,5.25,10,9,5.45,5.13,34,1.65,1.6,2.47,2.33,23,1.5,1.93,1.87,2.04,2,9.58,5.9,1
99,26,12,12,6,1,0,1.19,8,1.17,7.5,1.17,7.5,1.2,8.2,1.2,7,1.2,8,1.21,1.19,8.5,7.39,29,1.44,1.41,3.15,2.87,19,-2,1.94,1.88,2.06,1.98,1.25,6.7,1
100,9,3,15,3,3,0,2.1,3.75,2.05,3.6,2.2,3.5,2.13,3.71,2.1,3.6,2.1,3.8,2.2,2.08,3.85,3.69,35,1.64,1.59,2.45,2.36,19,-0.25,1.85,1.79,2.14,2.07,2.01,3.84,0
101,8,3,12,4,0,0,4.5,3.8,4.1,3.75,4.3,3.6,4.53,3.78,4.2,3.7,4.6,3.8,4.6,4.41,3.87,3.71,38,1.86,1.82,2.08,2,21,0.75,1.86,1.8,2.14,2.07,4.08,3.56,1
102,14,3,12,3,3,0,6.5,4.33,6,4,5.4,3.8,6.35,4.54,5.5,4.33,6.5,4.33,6.6,6,4.54,4.22,36,1.81,1.76,2.16,2.07,21,1,2,1.93,2.05,1.94,6.34,4.47,0
103,25,12,7,6,0,0,1.2,6.5,1.22,6,1.25,6.5,1.27,6.65,1.22,6,1.25,6.5,1.27,1.24,6.65,6.16,33,1.63,1.55,2.62,2.43,17,-1.75,1.98,1.94,1.98,1.93,1.26,6.65,1
104,23,6,7,10,0,0,1.28,6,1.28,5.75,1.3,5.5,1.28,6.34,1.29,5.5,1.29,6,1.31,1.27,6.5,5.83,38,1.62,1.58,2.53,2.39,20,-1.75,2.05,1.99,1.92,1.86,1.31,5.85,0
105,17,2,8,5,1,0,1.85,3.6,1.8,3.5,1.8,3.6,1.93,3.47,1.91,3.4,1.87,3.5,1.94,1.86,3.6,3.47,40,2.28,2.15,1.77,1.7,20,-0.75,2.24,2.12,1.82,1.76,1.97,3.38,0
106,13,4,8,10,3,0,4.1,3.9,4.2,3.7,3.9,3.7,4.07,3.89,3.8,3.8,4.1,3.9,4.3,4.02,3.95,3.8,35,1.7,1.64,2.4,2.26,19,0.75,1.83,1.76,2.2,2.13,3.89,3.73,0
107,16,6,15,8,3,0,2.4,3.3,2.4,3.2,2.3,3.3,2.46,3.25,2.5,3.1,2.5,3.3,2.5,2.43,3.3,3.19,36,2.25,2.16,1.75,1.7,22,-0.25,2.12,2.08,1.85,1.81,2.65,3.21,1
108,6,2,18,1,4,0,5,3.75,4.75,3.7,4.5,3.6,4.85,3.82,4.8,3.7,5,3.8,5.06,4.7,3.9,3.71,35,1.96,1.91,1.97,1.9,22,1,1.65,1.6,2.49,2.41,6.01,3.94,1
109,10,1,18,4,4,0,2.79,3.25,2.8,3.1,2.5,3.3,2.83,3.27,2.8,3.2,2.8,3.25,2.9,2.75,3.33,3.18,29,2.26,2.18,1.75,1.68,18,-0.25,2.41,2.34,1.68,1.64,3.01,3.3,0
110,11,4,12,10,1,0,4.5,3.75,4.5,3.7,4.5,3.6,4.48,3.67,4.33,3.6,4.4,3.75,4.5,4.34,3.8,3.67,36,1.8,1.75,2.16,2.09,20,0.75,1.82,1.78,2.17,2.1,5.48,3.96,0
111,22,5,7,9,0,0,1.16,8.5,1.18,7.25,1.17,7.5,1.19,7.77,1.17,8,1.2,7,1.21,1.18,8.5,7.37,39,1.61,1.56,2.6,2.43,22,-2,2.01,1.95,1.96,1.9,1.25,6,0
112,10,3,12,2,2,0,1.95,3.39,1.95,3.3,1.9,3.5,1.96,3.41,1.95,3.4,1.95,3.4,1.98,1.93,3.5,3.34,30,2.3,2.19,1.74,1.68,19,-0.5,1.96,1.93,1.99,1.96,1.81,3.68,1
113,8,1,12,6,2,0,12,4.75,10.5,5.5,8.7,5.3,10.54,5.51,11,5.5,11,5.25,12.5,10.32,5.55,5.22,33,1.83,1.75,2.2,2.08,19,1.5,1.95,1.89,2.05,1.99,8.02,4.51,0
114,14,7,7,8,2,0,1.9,3.6,1.91,3.4,1.9,3.5,1.9,3.63,1.88,3.5,1.93,3.6,1.95,1.9,3.75,3.54,34,2.15,2.06,1.83,1.77,19,-1,2.9,2.74,1.51,1.48,1.88,3.57,1
115,16,5,17,3,1,0,2.14,3.25,2.1,3.1,2.2,3.1,2.11,3.15,2.1,3,2.15,3.1,2.2,2.1,3.25,3.13,37,2.75,2.58,1.57,1.5,21,-0.25,1.8,1.77,2.19,2.11,2.01,3.31,1
116,12,1,14,5,2,0,3.25,3.1,3.1,3.1,2.9,3.2,3.25,3.12,3.1,3,3.25,3.1,3.25,3.14,3.21,3.07,38,2.61,2.48,1.58,1.53,21,0.25,1.82,1.78,2.15,2.11,3.27,3.21,0
117,11,5,10,4,2,0,2.3,3.5,2.2,3.5,2.2,3.45,2.28,3.56,2.25,3.4,2.25,3.5,2.31,2.25,3.6,3.46,35,1.85,1.79,2.11,2.04,21,-0.25,2.01,1.94,1.98,1.94,2.32,3.37,0
118,15,6,9,5,1,0,2.5,3.4,2.45,3.3,2.4,3.3,2.5,3.46,2.45,3.3,2.5,3.4,2.6,2.47,3.49,3.35,38,2,1.95,1.96,1.87,22,-0.25,2.18,2.11,1.81,1.77,2.62,3.38,0
119,15,5,12,7,3,0,2.3,3.4,2.2,3.3,2.2,3.3,2.24,3.45,2.25,3.3,2.25,3.4,2.3,2.23,3.5,3.37,37,2,1.92,1.93,1.88,20,-0.25,1.95,1.91,2.01,1.96,2.17,3.52,0
120,5,1,8,1,0,0,12,5.75,10.5,5.5,7.5,4.8,10.75,5.65,11,5.5,12,5.75,12,10.65,5.75,5.46,36,1.75,1.68,2.31,2.2,20,1.5,2.02,1.96,1.95,1.9,10.95,5.49,0
121,15,2,11,5,1,0,3.3,3.1,3.1,3.1,3.2,3.1,3.25,3.23,3.1,3,3.3,3.13,3.3,3.19,3.27,3.11,38,2.5,2.36,1.67,1.59,23,0.25,1.85,1.82,2.11,2.06,3.47,3.22,0
122,16,10,9,5,1,0,1.25,6.5,1.22,6.25,1.22,6.2,1.23,6.79,1.22,6.5,1.22,6.5,1.25,1.23,7,6.34,34,1.7,1.65,2.35,2.25,23,-1.5,1.75,1.7,2.28,2.21,1.27,6.13,1
123,17,8,11,4,3,0,1.9,4.2,1.85,3.9,1.85,3.95,1.88,4.14,1.83,4,1.85,4.1,1.91,1.87,4.2,4,33,1.6,1.54,2.59,2.45,19,-1,2.61,2.52,1.6,1.54,1.79,4.4,1
124,17,3,12,9,0,0,1.44,4.75,1.44,4.5,1.5,4.2,1.45,4.83,1.44,4.33,1.4,4.8,1.5,1.44,5,4.64,39,1.69,1.64,2.39,2.24,21,-1.25,1.99,1.93,1.97,1.92,1.41,5.3,1
125,24,12,13,8,3,0,2.75,3.6,2.7,3.6,2.6,3.6,2.68,3.77,2.62,3.6,2.75,3.6,2.75,2.68,3.77,3.63,33,1.65,1.61,2.45,2.33,18,0.25,1.76,1.71,2.26,2.22,2.6,3.65,1
126,13,3,11,4,1,0,1.16,8.5,1.16,7.5,1.17,7.5,1.16,8.65,1.17,7,1.14,9,1.18,1.15,9.15,8.03,35,1.47,1.43,3,2.78,19,-2.25,2.04,1.96,1.93,1.88,1.17,8.7,1
127,10,1,14,7,5,0,11,6.5,11.5,6.25,9.5,5.5,12.96,6.73,11,6,12,6.5,13,11.16,6.75,6.18,30,1.47,1.4,3,2.87,20,2,1.73,1.69,2.35,2.22,10.85,5.8,0
128,10,5,13,3,2,0,2.29,3.25,2.2,3.25,2.2,3.2,2.3,3.3,2.3,3.1,2.3,3.3,2.38,2.28,3.36,3.24,36,2.16,2.09,1.81,1.74,21,-0.25,2,1.94,1.98,1.93,2.39,3.24,1
129,10,2,11,5,1,0,2.3,3.5,2.25,3.3,2.25,3.35,2.33,3.45,2.3,3.4,2.3,3.4,2.4,2.28,3.5,3.35,34,2.04,1.95,1.92,1.86,19,-0.25,2.01,1.96,1.95,1.91,2.34,3.44,1
130,12,4,4,4,0,0,7,4.59,6.5,4.33,6.2,4,7,4.62,7,4.33,7.5,4.4,7.5,6.93,4.62,4.37,35,1.83,1.76,2.15,2.08,19,1.25,1.83,1.79,2.13,2.08,7.1,4.3,1
131,18,8,14,4,1,0,1.11,11,1.11,9.75,1.12,9,1.11,10.68,1.11,10,1.1,11,1.14,1.11,11,9.93,31,1.35,1.3,3.75,3.45,20,-2.5,2,1.94,1.96,1.93,1.12,10.04,1
132,20,6,11,10,1,0,4,4,4.1,3.8,3.85,3.85,4.06,3.9,4,3.7,4.2,3.9,4.2,4,4,3.83,33,1.67,1.62,2.4,2.3,19,1,1.57,1.54,2.64,2.55,5.99,4.75,1
133,13,0,10,8,4,0,2.04,3.6,2.05,3.4,2.1,3.4,2.04,3.69,2.05,3.5,2.05,3.6,2.13,2.03,3.69,3.52,32,1.98,1.91,1.98,1.91,19,-0.25,1.78,1.74,2.22,2.16,2.02,3.57,0
134,2,1,11,1,3,0,3.2,3.2,3.1,3.1,3.1,3.1,3.27,3.19,3.2,3,3.3,3.2,3.3,3.15,3.25,3.13,34,2.55,2.38,1.63,1.58,18,0.25,1.85,1.81,2.11,2.07,3.48,3.19,1
135,16,4,10,7,3,0,2.5,3.3,2.45,3.25,2.45,3.2,2.5,3.38,2.45,3.25,2.5,3.3,2.58,2.47,3.38,3.25,35,2.25,2.15,1.76,1.7,21,-0.25,2.16,2.1,1.83,1.79,2.59,3.37,0
136,14,3,8,6,0,0,2.62,3.2,2.55,3.1,2.6,3.05,2.67,3.2,2.62,3.1,2.7,3.2,2.7,2.6,3.3,3.14,33,2.31,2.23,1.71,1.66,19,-0.25,2.29,2.22,1.73,1.7,2.71,3.2,1
137,10,1,8,5,1,0,6.5,4.5,6,4.4,6.2,4,6.45,4.69,6,4.5,6.5,4.6,6.5,6.01,4.69,4.41,31,1.64,1.57,2.5,2.38,19,1,2.07,2.02,1.88,1.85,6.21,4.58,0
138,14,5,10,1,2,0,2.1,3.4,2.1,3.3,2.1,3.25,2.12,3.36,2.05,3.2,2.15,3.25,2.22,2.12,3.42,3.28,36,2.4,2.27,1.7,1.63,22,-0.25,1.85,1.81,2.13,2.07,2.06,3.34,0
139,11,7,10,6,2,0,1.18,8.5,1.18,7.5,1.17,7.5,1.19,7.8,1.17,8,1.18,8,1.21,1.18,8.5,7.57,37,1.43,1.39,3.1,2.92,22,-2,1.91,1.87,2.04,1.99,1.22,6.95,1
140,11,0,5,2,1,0,2.4,3.3,2.35,3.2,2.35,3.25,2.39,3.26,2.3,3.2,2.4,3.3,2.5,2.37,3.35,3.25,37,2.2,2.08,1.82,1.76,22,-0.25,2.06,2.02,1.9,1.87,2.47,3.27,1
141,8,2,7,7,1,0,2.62,3.1,2.6,3,2.6,3.25,2.67,3.14,2.7,3,2.75,3.1,2.75,2.64,3.25,3.05,32,2.6,2.48,1.6,1.54,20,-0.25,2.32,2.22,1.73,1.7,2.94,3.11,0
142,9,3,13,4,2,0,6.5,4.2,5.75,4,5.8,4.05,6.27,4.1,6,4,6.25,4.2,6.63,6.06,4.2,4.05,34,1.85,1.8,2.1,2.03,23,1,1.9,1.86,2.06,2.01,6.9,4.32,0
143,23,6,8,9,1,0,3,3.75,3.1,3.6,2.95,3.55,3.01,3.67,3,3.5,3.1,3.6,3.15,3.02,3.75,3.6,34,1.77,1.68,2.3,2.19,20,0.25,2.01,1.85,2.09,2.02,2.82,3.6,1
144,6,3,6,4,2,0,7,4.33,6.75,4.33,7.2,4.4,6.65,4.54,6,4.33,6.5,4.5,7.2,6.26,4.82,4.41,36,1.62,1.57,2.55,2.4,19,1.25,1.9,1.78,2.2,2.11,7,4.7,0
145,30,4,9,12,2,0,2.54,3.1,2.5,3.1,2.4,3.2,2.52,3.07,2.5,3.1,2.5,3.1,2.6,2.49,3.2,3.08,35,2.64,2.52,1.57,1.53,21,-0.25,2.14,2.08,1.84,1.79,2.57,3.04,0
146,24,11,12,5,0,0,1.8,4,1.78,3.8,1.8,3.8,1.83,3.97,1.83,3.75,1.8,4,1.87,1.81,4.02,3.85,39,1.75,1.68,2.25,2.17,21,-0.75,2.08,2.03,1.88,1.84,1.83,3.84,1
147,5,0,8,2,3,0,6,3.89,6,3.75,4.8,3.9,5.96,3.98,5.5,3.8,6.25,3.9,6.25,5.68,4,3.83,34,2.15,2.05,1.85,1.78,20,0.75,2.11,2.04,1.87,1.83,7.16,4.13,0
148,18,7,6,6,0,0,1.17,7,1.15,7,1.17,7.5,1.19,7.9,1.17,7,1.18,7.5,1.19,1.17,8.03,7.29,33,1.62,1.58,2.45,2.36,18,-2,1.95,1.89,2.02,1.98,1.2,7.8,1
149,20,7,9,7,1,0,1.25,7,1.25,6.25,1.25,6,1.25,7.15,1.25,6,1.25,7,1.27,1.24,7.15,6.52,30,1.42,1.38,3.2,3.02,19,-1.75,1.86,1.8,2.15,2.08,1.24,7.3,1
150,11,1,16,5,2,1,2.9,3.75,2.7,3.75,2.8,3.4,2.95,3.75,2.75,3.7,2.88,3.8,2.95,2.85,3.85,3.69,33,1.56,1.53,2.65,2.48,18,0.25,1.85,1.81,2.15,2.08,2.85,3.71,0
151,17,3,6,9,0,0,1.66,4,1.65,3.9,1.63,4,1.65,3.98,1.62,3.9,1.67,4,1.68,1.64,4.11,3.95,35,1.75,1.72,2.23,2.13,22,-1,2.17,2.09,1.85,1.78,1.58,4.2,1
152,13,4,4,3,0,0,7.5,4.5,7.25,4.4,6.2,4,7.31,4.45,7,4.33,7.5,4.4,7.6,6.96,4.6,4.31,34,1.85,1.8,2.08,2.02,20,1,2.08,2.04,1.87,1.82,6.6,3.8,0
153,9,5,9,1,1,0,2.29,3.25,2.25,3.25,2.25,3.35,2.34,3.21,2.3,3.1,2.38,3.2,2.38,2.29,3.35,3.18,33,2.45,2.34,1.65,1.6,20,-0.25,2.01,1.95,1.95,1.92,2.37,3.17,1
154,10,3,9,5,1,0,2.4,3.3,2.35,3.2,2.2,3.35,2.43,3.29,2.3,3.2,2.38,3.3,2.45,2.36,3.4,3.26,36,2.19,2.09,1.8,1.75,19,-0.25,2.07,2.01,1.9,1.87,2.42,3.24,0
155,14,3,10,1,1,0,6,4.2,6,4,5.6,4.25,5.87,4.3,6,4.2,6.25,4.4,6.25,5.78,4.4,4.22,33,1.69,1.64,2.4,2.27,23,1,1.96,1.91,2,1.95,5.93,4.1,0
156,17,5,12,5,1,0,1.4,5.25,1.4,5,1.45,4.8,1.39,5.4,1.38,5,1.36,5.25,1.45,1.39,5.5,5.14,32,1.51,1.48,2.8,2.64,20,-1.25,1.85,1.8,2.14,2.08,1.36,5.42,1
157,9,2,11,5,0,1,2.14,3.1,2.15,3.1,2.1,3.1,2.17,3.18,2.1,3.1,2.15,3.13,2.22,2.15,3.2,3.12,33,2.57,2.45,1.6,1.55,21,-0.25,1.85,1.82,2.12,2.07,2.49,3.04,0
158,18,7,9,10,3,0,2.37,3.5,2.25,3.5,2.3,3.5,2.37,3.57,2.3,3.4,2.38,3.5,2.4,2.33,3.6,3.48,33,1.8,1.74,2.2,2.09,20,-0.25,2.07,2.01,1.9,1.87,2.5,3.53,0
159,7,2,10,2,1,0,2.54,3.6,2.5,3.6,2.5,3.3,2.56,3.56,2.5,3.5,2.55,3.6,2.63,2.52,3.7,3.54,33,1.67,1.62,2.4,2.29,18,-0.25,2.25,2.17,1.8,1.74,2.84,3.55,0
160,15,3,7,8,0,0,1.18,8,1.18,7.25,1.2,7,1.18,7.74,1.15,8,1.18,8,1.2,1.18,8.15,7.45,31,1.48,1.43,2.9,2.77,23,-2,1.89,1.85,2.06,2,1.2,6.92,1
161,15,6,13,4,6,0,6,4.1,6,3.9,5.3,3.9,6.02,4.13,5.5,4,6,4.2,6.19,5.75,4.3,4.07,35,1.85,1.79,2.1,2.03,21,1,1.9,1.84,2.08,2.03,6.92,4.19,0
162,20,2,7,9,1,0,1.33,5.75,1.3,5.75,1.3,5.5,1.32,5.85,1.33,5,1.3,5.75,1.36,1.31,5.94,5.54,39,1.58,1.51,2.75,2.53,21,-1.5,1.9,1.87,2.05,2,1.29,6,0
163,19,9,10,13,1,0,1.72,3.89,1.72,3.75,1.75,3.6,1.71,3.89,1.7,3.75,1.73,3.8,1.77,1.72,3.92,3.76,38,1.95,1.89,2,1.93,21,-0.75,1.95,1.9,2.02,1.96,1.7,3.95,0
164,14,4,13,7,3,0,2.5,3.3,2.4,3.3,2.4,3.3,2.53,3.34,2.5,3.25,2.5,3.3,2.58,2.47,3.4,3.28,36,2.18,2.06,1.85,1.77,20,-0.25,2.17,2.12,1.82,1.78,2.34,3.44,0
165,23,7,8,11,0,0,1.2,7.5,1.17,7.5,1.17,7.5,1.22,6.93,1.18,7,1.2,7,1.23,1.2,7.5,6.81,33,1.7,1.63,2.41,2.27,22,-2,2.16,2.07,1.93,1.79,1.23,6.54,1
166,8,2,11,2,1,0,4.75,3.9,4.6,3.8,4.5,3.6,4.73,3.83,4.33,3.6,4.6,3.8,4.75,4.51,3.93,3.73,33,1.92,1.86,2.01,1.96,15,0.75,1.86,1.83,2.12,2.06,5,3.83,0
167,18,6,9,7,2,0,2.9,3.4,2.75,3.3,2.7,3.3,2.89,3.43,2.75,3.4,2.9,3.3,2.94,2.81,3.45,3.33,36,2.1,2,1.9,1.82,20,0.25,1.75,1.72,2.27,2.2,2.94,3.5,1
168,8,3,15,3,2,0,2.29,3.29,2.3,3.2,2.3,3.4,2.27,3.29,2.38,3.2,2.3,3.25,2.38,2.28,3.4,3.2,39,2.54,2.41,1.62,1.56,21,-0.25,1.98,1.92,2,1.94,2.22,3.46,0
169,14,4,7,12,1,0,1.83,3.6,1.8,3.5,1.85,3.5,1.83,3.58,1.8,3.3,1.83,3.6,1.86,1.81,3.65,3.5,36,2.19,2.11,1.79,1.72,18,-0.75,2.1,2.05,1.86,1.83,1.79,3.56,0
170,9,4,13,1,1,1,2.5,3.29,2.4,3.2,2.3,3.3,2.49,3.29,2.4,3.2,2.5,3.3,2.55,2.45,3.36,3.23,38,2.23,2.16,1.76,1.7,22,-0.25,2.15,2.09,1.83,1.79,2.78,3.31,0
171,12,5,17,3,1,0,1.85,3.6,1.8,3.6,1.85,3.5,1.81,3.78,1.78,3.6,1.8,3.75,1.88,1.81,3.8,3.67,35,2.05,1.99,1.9,1.83,21,-1,2.7,2.54,1.61,1.55,1.79,3.67,0
172,36,11,6,13,0,0,1.57,4.5,1.53,4.33,1.65,4,1.53,4.51,1.52,4.33,1.5,4.5,1.65,1.54,4.51,4.31,34,1.75,1.68,2.25,2.18,23,-1,2.05,1.85,2.1,2.01,1.55,4.26,1
173,16,7,8,3,0,0,1.36,5.25,1.36,5,1.4,4.8,1.38,5.43,1.33,5,1.36,5.25,1.42,1.36,5.55,5.07,34,1.75,1.69,2.28,2.18,20,-1.5,2.11,2.06,1.85,1.82,1.33,5.8,1
174,5,1,12,1,1,0,3.2,3.25,3.2,3.1,3.15,3.1,3.21,3.23,3.1,3.1,3.2,3.25,3.25,3.15,3.3,3.17,33,2.4,2.3,1.67,1.63,20,0.25,1.85,1.8,2.15,2.08,2.89,3.16,1
175,6,1,9,2,2,0,6.5,4,6.25,3.9,6.2,4,6.41,4.02,5.8,3.9,6.5,4,6.85,6.09,4.07,3.9,37,2.05,1.98,1.9,1.84,23,1,1.84,1.8,2.13,2.06,7.24,3.95,0
176,16,5,6,5,2,0,2.89,3.25,2.95,3.1,2.7,3.2,3.16,3.22,3,3.1,3.1,3.25,3.16,2.98,3.3,3.17,30,2.25,2.16,1.74,1.69,18,0.25,1.81,1.78,2.2,2.13,3.62,3.29,0
177,20,6,10,8,0,0,1.85,3.39,1.8,3.4,1.9,3.5,1.82,3.47,1.83,3.4,1.83,3.4,1.9,1.81,3.6,3.37,33,2.48,2.37,1.62,1.58,19,-0.75,2.11,2.06,1.85,1.81,1.9,3.31,1
178,11,3,19,4,2,1,4.5,3.6,4.33,3.5,4.4,3.7,4.4,3.71,4.33,3.5,4.75,3.7,4.75,4.29,3.8,3.6,33,2.02,1.93,1.93,1.89,19,0.75,1.83,1.76,2.19,2.12,4.27,3.67,0
179,25,5,12,10,3,0,2.1,3.5,2.05,3.4,2.1,3.4,2.13,3.46,2.15,3.4,2.1,3.5,2.18,2.11,3.5,3.4,33,2.1,2.01,1.9,1.82,20,-0.25,1.86,1.82,2.11,2.06,1.98,3.6,0
180,13,5,12,3,3,0,1.9,3.39,1.9,3.4,2.1,3.4,1.98,3.41,1.95,3.3,1.95,3.4,2.1,1.94,3.5,3.33,29,2.45,2.36,1.65,1.59,17,-0.5,2.01,1.95,1.98,1.93,2.19,3.21,1
181,6,2,6,7,1,0,3,3.25,2.9,3.2,2.75,3.25,3.07,3.28,3,3.1,3.1,3.25,3.12,2.97,3.3,3.19,36,2.26,2.2,1.74,1.68,18,0.25,1.79,1.75,2.2,2.14,3.39,3.44,0
182,6,2,5,2,1,0,6.5,4.5,6.25,4.6,6.2,4,6.65,4.81,6,4.5,6.5,4.6,6.65,6.27,4.81,4.52,32,1.61,1.57,2.56,2.41,21,1,2.13,2.08,1.84,1.8,7.35,5.25,0
183,10,5,9,5,1,0,2.04,3.5,2,3.4,2.1,3.4,2.08,3.44,2.1,3.1,2.05,3.5,2.13,2.04,3.5,3.35,30,2.1,2.03,1.85,1.79,18,-0.25,1.79,1.75,2.21,2.15,1.95,3.63,1
184,15,8,17,3,1,0,4,3.8,4.1,3.6,4.4,3.5,4.12,3.64,4,3.5,4.2,3.6,4.4,4,3.8,3.57,34,2,1.92,1.95,1.89,20,0.75,1.72,1.68,2.31,2.25,4.68,3.75,1
185,15,6,17,5,3,0,5.75,4.4,5.5,4.1,5.3,4.05,5.69,4.24,5.8,4.2,6,4.2,6,5.6,4.4,4.14,33,1.87,1.79,2.1,2.04,21,1,1.88,1.82,2.1,2.04,5.65,3.99,0
186,17,3,3,7,1,0,3.8,3.25,3.5,3.2,3.3,3.3,3.76,3.32,3.75,3.25,3.8,3.2,3.8,3.64,3.32,3.2,35,2.49,2.38,1.63,1.59,20,0.25,2.06,2,1.91,1.87,3.63,3.28,1
187,13,5,3,4,0,0,1.3,6,1.3,5.75,1.31,5.4,1.31,5.77,1.29,5.5,1.3,5.75,1.33,1.3,6,5.62,33,1.65,1.61,2.43,2.31,22,-1.5,1.98,1.91,2.01,1.95,1.32,5.89,1
188,16,3,9,1,4,0,1.95,3.5,1.9,3.5,1.9,3.5,1.99,3.43,1.95,3.25,1.95,3.5,2.02,1.95,3.51,3.42,34,2.22,2.15,1.75,1.71,15,-0.25,1.71,1.69,2.34,2.28,2.12,3.3,0
189,11,3,7,7,0,0,3.5,4,3.5,3.75,3.4,3.5,3.53,3.85,3.4,3.8,3.4,4,3.6,3.43,4,3.8,36,1.55,1.51,2.71,2.55,20,0.5,1.88,1.83,2.1,2.05,3.58,3.95,1
190,10,4,10,4,4,0,6,4.33,5.5,4.1,4.9,3.8,5.95,4.36,5.5,4,6,4.3,6,5.6,4.36,4.15,37,1.75,1.69,2.26,2.18,19,1,1.9,1.86,2.07,2.01,5.85,4.37,0
191,19,6,7,7,1,1,1.33,5.75,1.33,5.25,1.35,5.3,1.31,5.88,1.33,5,1.3,5.75,1.36,1.31,5.88,5.48,30,1.66,1.61,2.5,2.33,15,-1.5,1.95,1.87,2.05,2,1.3,6.15,0
192,18,6,9,9,1,0,1.2,8,1.19,7.25,1.25,6,1.21,7.92,1.2,7.5,1.22,7.5,1.25,1.2,8,7.1,28,1.44,1.38,3.1,2.96,18,-2,2.04,1.97,1.95,1.89,1.27,7.25,1
193,21,8,15,10,1,0,1.39,5,1.4,4.75,1.45,4.4,1.41,5.14,1.4,4.8,1.4,5,1.45,1.39,5.17,4.87,31,1.7,1.65,2.35,2.24,19,-1.25,1.92,1.87,2.05,2,1.42,5.07,1
194,10,4,19,6,4,0,11,5.5,9.5,5.25,8,5.3,11.07,5.54,11,5,10.5,5.5,11.07,9.98,5.69,5.28,39,1.67,1.63,2.4,2.28,20,1.5,1.99,1.94,1.96,1.92,11.3,6.15,0
195,11,5,13,10,1,1,2.45,3.2,2.4,3.2,2.4,3.15,2.45,3.34,2.3,3.3,2.45,3.25,2.52,2.42,3.35,3.22,39,2.4,2.27,1.7,1.63,22,-0.25,2.12,2.05,1.87,1.83,2.35,3.28,0
196,11,3,12,5,2,0,2.9,3.5,2.85,3.4,2.85,3.35,2.95,3.47,2.88,3.4,3,3.4,3,2.89,3.5,3.41,32,1.95,1.88,2.01,1.94,18,0,2.15,2.09,1.85,1.8,2.77,3.45,1
197,32,14,9,10,0,0,1.1,13,1.07,12,1.08,10.5,1.1,12.39,1.06,12,1.06,13,1.11,1.09,13,11.35,35,1.39,1.32,3.6,3.32,20,-3,2.31,2.24,1.72,1.68,1.08,13.93,1
198,16,8,6,4,0,0,1.57,4.2,1.53,4.2,1.5,4.2,1.57,4.35,1.57,3.75,1.55,4.33,1.6,1.55,4.46,4.21,37,1.75,1.7,2.22,2.14,22,-1,1.98,1.93,1.97,1.93,1.47,4.79,1
199,15,4,8,9,0,0,2.14,3,2.1,3,2.1,3.2,2.16,3.08,2.05,3,2.15,3.1,2.2,2.12,3.2,3,33,3.14,2.91,1.45,1.4,20,-0.25,1.82,1.78,2.16,2.11,2.17,3.14,1
200,23,5,13,7,2,0,1.25,6.5,1.26,5.75,1.25,6,1.27,6.8,1.25,6,1.25,6.5,1.29,1.25,6.8,6.15,30,1.5,1.46,2.89,2.71,20,-1.75,1.97,1.9,2.02,1.96,1.26,6.9,1
201,10,5,10,2,2,0,2.62,3.5,2.55,3.4,2.6,3.35,2.68,3.45,2.6,3.4,2.63,3.5,2.72,2.61,3.5,3.35,36,1.95,1.89,2,1.91,20,-0.25,2.29,2.23,1.73,1.69,2.8,3.31,1
202,13,4,11,5,1,1,1.8,4,1.75,4,1.85,3.5,1.81,4.02,1.8,3.5,1.8,4,1.85,1.8,4.02,3.85,33,1.68,1.62,2.4,2.3,15,-0.75,2.07,2.02,1.88,1.85,1.77,3.99,0
203,6,2,14,4,4,0,1.66,3.8,1.65,3.8,1.8,3.6,1.7,3.82,1.67,3.7,1.7,3.8,1.8,1.69,3.95,3.77,35,2.01,1.92,1.96,1.89,23,-1,2.4,2.23,1.75,1.69,1.74,3.72,1
204,10,3,11,6,1,0,1.95,3.29,1.9,3.3,2,3.4,1.98,3.3,1.95,3.1,1.95,3.3,2.02,1.94,3.4,3.25,36,2.63,2.49,1.59,1.53,20,-0.75,2.32,2.25,1.73,1.67,1.88,3.44,0
205,17,0,12,7,2,0,2.29,3.29,2.2,3.3,2.2,3.3,2.31,3.35,2.3,3.3,2.3,3.3,2.33,2.26,3.4,3.28,33,2.15,2.08,1.8,1.75,21,-0.25,2,1.94,1.98,1.93,2.46,3.26,0
206,3,1,14,5,2,0,2.37,3.1,2.3,3.1,2.6,3.1,2.32,3.16,2.38,2.9,2.4,3,2.6,2.35,3.2,3.05,32,2.86,2.72,1.5,1.45,21,-0.25,2.02,1.96,1.95,1.9,2.44,3.03,0
207,12,4,12,3,3,0,2.25,3.6,2.15,3.5,2.2,3.4,2.29,3.66,2.25,3.3,2.25,3.6,2.32,2.23,3.7,3.51,41,1.76,1.71,2.22,2.13,22,-0.25,1.99,1.93,1.98,1.93,2.24,3.61,1
208,22,7,8,9,1,0,1.33,5.5,1.34,5,1.25,6,1.33,5.56,1.33,5,1.33,5.5,1.35,1.33,6,5.32,33,1.71,1.65,2.33,2.25,15,-1.5,2.04,1.99,1.95,1.9,1.33,5.6,1
209,16,6,11,4,0,0,6.5,4.2,6.5,4.1,4.5,4,5.96,4.22,6.5,4,6,4.2,6.6,5.83,4.4,4.05,40,1.85,1.8,2.09,2.01,21,1,1.9,1.83,2.11,2.03,4.85,3.72,1
210,10,7,4,3,2,0,1.36,5.5,1.34,5.25,1.35,5.2,1.37,5.18,1.33,5.25,1.36,5.5,1.38,1.35,5.5,5.23,35,1.52,1.48,2.95,2.62,23,-1.5,2.01,1.96,1.95,1.91,1.37,5.38,1
211,14,5,9,6,2,0,4.33,3.6,4.2,3.6,4.15,3.55,4.18,3.65,4,3.4,4.4,3.6,4.5,4.16,3.65,3.55,39,2.05,1.99,1.9,1.83,21,0.25,2.38,2.27,1.7,1.67,4.8,3.68,0
212,9,4,12,2,3,0,2.7,3.3,2.6,3.25,2.65,3.3,2.72,3.3,2.62,3.2,2.7,3.3,2.75,2.67,3.35,3.26,35,2.1,2.05,1.83,1.78,18,-0.25,2.31,2.25,1.73,1.68,2.77,3.24,1
213,20,11,13,5,2,0,1.55,4.59,1.5,4.6,1.5,4.2,1.57,4.6,1.53,4.5,1.55,4.6,1.59,1.54,4.75,4.45,31,1.58,1.54,2.6,2.48,21,-1,1.96,1.89,2.02,1.97,1.64,4.41,1
214,9,5,11,4,0,0,1.85,3.89,1.8,3.75,1.9,3.5,1.85,3.84,1.85,3.75,1.85,3.9,1.9,1.84,3.9,3.75,35,1.8,1.74,2.19,2.1,19,-0.75,2.15,2.07,1.85,1.8,1.76,3.91,1
215,14,6,11,8,3,0,1.8,3.6,1.8,3.5,1.9,3.5,1.85,3.56,1.85,3.5,1.85,3.5,1.9,1.82,3.75,3.54,39,2.21,2.13,1.8,1.72,23,-1,2.66,2.55,1.6,1.54,1.96,3.48,1
216,17,2,5,6,3,0,2,3.5,2.05,3.4,2.05,3.4,2.01,3.57,2,3.4,2.05,3.4,2.06,2.01,3.6,3.46,34,2.04,1.97,1.91,1.85,20,-0.25,1.77,1.73,2.24,2.18,2,3.58,0
217,17,8,7,5,0,0,1.64,3.9,1.65,3.9,1.7,3.8,1.63,3.99,1.6,3.9,1.65,3.9,1.7,1.64,4.1,3.87,34,2.01,1.94,1.94,1.87,23,-1,2.17,2.11,1.85,1.77,1.68,3.9,1
218,17,6,2,2,1,0,2.3,3.75,2.3,3.6,2.3,3.6,2.33,3.72,2.3,3.6,2.3,3.7,2.35,2.3,3.75,3.64,32,1.66,1.61,2.43,2.32,18,-0.5,2.35,2.29,1.73,1.66,2.4,3.69,1
219,12,2,6,10,0,0,1.28,6,1.26,6,1.27,6,1.31,6.11,1.29,5.5,1.3,6,1.31,1.28,6.5,5.87,27,1.5,1.47,2.75,2.63,19,-1.5,1.88,1.84,2.1,2.04,1.34,5.5,1
220,19,5,7,7,0,0,2.8,3.25,2.7,3.3,2.65,3.3,2.77,3.32,2.75,3.2,2.75,3.4,2.87,2.71,3.4,3.26,30,1.99,1.9,1.98,1.91,17,0,1.98,1.93,1.98,1.94,2.75,3.29,0
221,19,5,10,8,2,0,2.37,3.2,2.35,3.1,2.2,3.3,2.43,3.22,2.38,3,2.4,3.2,2.48,2.36,3.3,3.14,37,2.46,2.35,1.67,1.59,22,-0.25,2.07,2.01,1.9,1.86,2.58,3.08,1
222,4,2,8,4,0,0,2.75,3.3,2.75,3.5,2.65,3.3,2.84,3.63,2.8,3.3,2.8,3.5,2.91,2.78,3.63,3.44,34,1.75,1.7,2.25,2.15,17,0,2.09,2.04,1.89,1.84,2.77,3.48,0
223,17,5,15,5,1,0,3.3,3.2,3.25,3.4,3.25,3.4,3.39,3.53,3.25,3.4,3.3,3.5,3.46,3.25,3.55,3.4,34,1.95,1.91,1.98,1.9,20,0.25,1.99,1.92,2,1.95,3.86,3.57,1
224,9,1,9,9,2,0,2.62,3.25,2.6,3.1,2.6,3.25,2.72,3.14,2.62,3.1,2.7,3.2,2.76,2.63,3.25,3.15,39,2.35,2.26,1.69,1.64,18,0.25,1.62,1.59,2.52,2.43,2.57,3.18,1
225,8,3,9,4,2,0,2.62,3.2,2.65,3.1,2.6,3.3,2.67,3.19,2.7,3.1,2.7,3.13,2.74,2.63,3.3,3.12,39,2.47,2.35,1.64,1.59,19,-0.25,2.26,2.2,1.75,1.71,2.63,3.2,1
226,17,3,14,10,2,0,2.54,3.2,2.4,3.1,2.6,3.25,2.47,3.22,2.5,3.2,2.55,3.13,2.6,2.47,3.25,3.12,32,2.65,2.49,1.6,1.54,21,-0.25,2.14,2.09,1.85,1.8,2.25,3.16,0
227,12,3,8,4,1,0,2.15,3.3,2.1,3.3,2.2,3.1,2.15,3.33,2.1,3.2,2.15,3.25,2.2,2.13,3.35,3.27,34,2.45,2.34,1.65,1.61,18,-0.25,1.85,1.81,2.11,2.07,2.21,3.23,1
228,8,2,8,5,2,0,6.5,4.5,5.75,4.4,5.7,3.9,5.89,4.47,6,4.2,6.25,4.33,6.5,5.83,4.52,4.24,33,1.79,1.72,2.2,2.12,20,1,1.95,1.9,2.03,1.97,6.25,4.2,0
229,13,5,8,4,2,0,4.75,4.2,4.75,3.9,4.8,3.9,4.63,4.22,4.5,4,4.6,4.2,4.8,4.49,4.28,4.02,30,1.55,1.51,2.62,2.54,19,0.75,1.98,1.93,1.99,1.93,3.81,3.61,1
230,11,1,7,8,3,0,2.54,3.5,2.5,3.5,2.5,3.3,2.57,3.47,2.5,3.4,2.6,3.5,2.62,2.5,3.6,3.42,34,1.82,1.76,2.16,2.08,20,-0.25,2.25,2.17,1.77,1.73,2.7,3.46,1
231,12,4,10,7,2,0,5.25,3.8,5.25,3.6,5.2,3.6,5.49,3.69,5.5,3.6,5.25,3.8,5.5,5.28,3.8,3.64,35,1.95,1.87,2.04,1.94,22,1,1.71,1.65,2.37,2.3,5.58,3.71,0
232,19,9,18,11,1,0,2.39,3.29,2.35,3.3,2.4,3.3,2.36,3.34,2.4,3.3,2.4,3.3,2.41,2.34,3.4,3.27,31,2.17,2.08,1.8,1.75,20,-0.25,2.06,2.02,1.91,1.86,2.56,3.19,0
233,12,5,9,5,3,0,2.89,3.2,2.85,3.2,2.65,3.3,3.05,3.13,2.88,3.1,3,3.2,3.05,2.9,3.3,3.12,33,2.41,2.3,1.67,1.6,18,0,2.11,2.04,1.85,1.83,3.22,3.13,1
234,12,7,11,5,3,0,2.37,3.2,2.3,3.2,2.3,3.1,2.38,3.21,2.3,3.1,2.38,3.2,2.4,2.33,3.21,3.16,34,2.5,2.38,1.64,1.59,20,-0.25,2.02,1.97,1.95,1.9,2.35,3.23,1
235,4,0,11,3,0,0,4.75,4,5,3.8,4.8,3.7,5.17,3.87,5,3.8,5.25,3.9,5.25,4.96,4,3.8,35,1.92,1.86,2.04,1.96,22,1,1.71,1.66,2.36,2.3,5.19,3.79,0
236,11,6,18,3,1,0,2.04,3.39,2,3.3,2.1,3.2,2.04,3.41,2.05,3.3,2.05,3.4,2.1,2.03,3.45,3.33,35,2.3,2.21,1.73,1.67,20,-0.25,1.77,1.72,2.25,2.17,2.04,3.47,1
237,25,12,11,6,2,0,2,3.4,2,3.3,1.97,3.35,1.97,3.47,2,3.25,2,3.4,2.04,1.98,3.57,3.36,36,2.31,2.22,1.72,1.65,20,-0.25,1.74,1.69,2.32,2.22,2.26,3.23,1
238,18,10,6,4,2,0,2.15,3.7,2.15,3.4,2.1,3.4,2.16,3.72,2.2,3.25,2.2,3.7,2.21,2.14,3.8,3.6,32,1.62,1.58,2.53,2.38,16,-0.25,1.89,1.86,2.07,2.03,2.21,3.67,1
239,27,6,13,10,0,0,2.2,3.25,2.2,3.2,2.15,3.1,2.22,3.21,2.15,3.2,2.2,3.2,2.27,2.19,3.25,3.16,35,2.58,2.45,1.6,1.55,19,-0.25,1.93,1.85,2.07,2.02,2.22,3.25,0
240,6,3,12,4,2,0,4,3.75,4,3.6,3.8,3.4,3.85,3.79,3.8,3.6,4,3.7,4.2,3.85,3.8,3.6,32,1.85,1.8,2.12,2.02,22,0.25,2.27,2.19,1.75,1.71,4.2,3.8,0
241,5,3,9,3,3,0,2.15,3.25,2.15,3.1,2.2,3.25,2.21,3.23,2.1,3.1,2.2,3.25,2.22,2.17,3.35,3.19,35,2.5,2.4,1.62,1.57,19,-0.25,1.9,1.85,2.07,2.03,2.41,3.16,0
242,14,2,11,10,3,1,2.14,3.6,2.1,3.6,2.1,3.55,2.15,3.59,2.15,3.5,2.15,3.6,2.16,2.13,3.7,3.55,35,1.81,1.77,2.15,2.06,19,-0.25,1.87,1.84,2.09,2.04,2.17,3.47,0
243,14,3,9,6,0,0,1.61,4,1.57,3.9,1.7,3.8,1.58,4.07,1.6,3.9,1.62,3.9,1.7,1.59,4.15,3.94,36,2.05,1.96,1.91,1.86,22,-1,2.15,2.01,1.92,1.86,1.57,4.04,1
244,15,7,5,9,0,0,1.66,4.2,1.67,4,1.65,4,1.68,4.12,1.63,4,1.65,4.1,1.71,1.66,4.25,4.05,34,1.86,1.77,2.13,2.06,21,-1,2.23,2.15,1.8,1.74,1.75,3.81,1
245,10,3,10,9,4,0,2.87,3.4,2.8,3.25,2.8,3.25,2.88,3.31,2.8,3.25,2.9,3.4,2.9,2.83,3.4,3.28,33,2.15,2.06,1.83,1.78,19,0.25,1.75,1.7,2.3,2.22,3.2,3.29,0
246,27,11,8,12,1,0,1.3,5.75,1.3,5.5,1.33,5.3,1.3,6,1.3,5.5,1.29,5.75,1.33,1.3,6,5.54,37,1.75,1.7,2.25,2.18,20,-1.5,1.92,1.88,2.04,1.99,1.29,5.85,1
247,16,4,15,4,2,0,2,3.75,2,3.6,2,3.55,2.07,3.69,2.05,3.6,2.05,3.6,2.12,2.03,3.75,3.58,37,1.85,1.79,2.11,2.03,21,-0.75,2.43,2.34,1.67,1.63,2.17,3.42,0
248,25,12,9,4,1,0,2.6,3.6,2.5,3.5,2.5,3.5,2.63,3.54,2.55,3.4,2.6,3.5,2.66,2.55,3.65,3.48,34,1.8,1.74,2.2,2.1,21,-0.25,2.3,2.19,1.77,1.73,2.6,3.47,0
249,2,0,8,1,1,0,9.5,5.75,8,5.75,8,5.3,9.06,5.89,9.5,5,9.5,5.75,9.5,8.54,5.89,5.49,28,1.45,1.41,3,2.82,19,1.5,1.99,1.94,1.98,1.93,8.26,5.65,0
250,12,4,11,4,0,0,1.95,3.39,1.9,3.25,1.9,3.5,1.99,3.38,1.95,3.3,1.95,3.4,2,1.94,3.5,3.31,33,2.45,2.35,1.65,1.6,19,-0.75,2.34,2.24,1.73,1.68,1.76,3.75,0
251,13,5,9,5,0,0,2.7,3.25,2.85,3.2,2.65,3.3,2.97,3.25,2.88,3.1,2.9,3.25,2.99,2.85,3.3,3.19,37,2.25,2.18,1.76,1.69,18,0.25,1.73,1.7,2.29,2.23,2.91,3.26,1
252,16,8,10,9,0,0,1.25,6.75,1.22,6.5,1.25,6,1.25,6.7,1.25,6.5,1.25,6.5,1.29,1.24,6.9,6.33,32,1.53,1.48,2.75,2.61,20,-2,2.26,2.16,1.79,1.73,1.25,6.7,1
253,9,1,13,5,4,0,8,4.75,8.25,4.6,8,5.3,7.56,4.82,8.5,4.8,8,4.75,8.5,7.54,5.3,4.66,39,1.76,1.7,2.25,2.15,21,1.25,1.95,1.88,2.04,1.99,7.95,4.55,1
254,10,3,12,5,3,0,6.5,3.89,6,3.8,5.7,3.9,6.33,3.9,6.5,3.75,6.5,3.9,6.78,6.17,3.95,3.76,35,2.28,2.19,1.74,1.68,20,0.75,2.12,2.07,1.85,1.81,7,3.85,0
255,6,2,16,4,3,0,5.75,4,5.25,3.8,5,3.75,5.49,4.06,5,3.75,5.5,4,5.75,5.25,4.17,3.9,40,1.95,1.88,2.01,1.92,22,1,1.76,1.71,2.28,2.18,6.66,4.25,0
256,5,1,8,7,0,1,2.37,3,2.25,3.1,2.3,3,2.34,3.1,2.3,3.1,2.38,3.1,2.4,2.32,3.18,3.04,38,2.72,2.58,1.55,1.5,22,-0.25,2.01,1.95,1.95,1.91,2.46,3.03,0
257,11,1,7,2,1,0,2.3,3.5,2.3,3.4,2.4,3.4,2.3,3.48,2.25,3.4,2.3,3.5,2.4,2.28,3.52,3.4,34,1.9,1.84,2.07,1.98,19,-0.25,2,1.95,1.98,1.92,2.38,3.29,1
258,13,5,13,5,0,0,3.1,3.6,3,3.5,2.95,3.6,3.09,3.65,3,3.5,3.1,3.6,3.11,3.01,3.66,3.54,35,1.71,1.67,2.31,2.21,20,0.25,1.89,1.86,2.09,2.02,3.36,3.49,1
259,22,5,15,4,3,0,2.5,3.5,2.45,3.4,2.4,3.45,2.51,3.46,2.4,3.4,2.5,3.5,2.55,2.46,3.53,3.42,37,1.86,1.82,2.1,2,20,-0.25,2.19,2.12,1.81,1.77,2.62,3.45,1
260,14,6,2,3,0,0,2.25,3.5,2.15,3.4,2.2,3.35,2.22,3.62,2.15,3.4,2.2,3.6,2.25,2.18,3.62,3.48,32,1.7,1.66,2.33,2.23,20,-0.25,1.93,1.88,2.03,1.99,2.24,3.62,1
261,15,5,5,10,1,0,2.6,3.1,2.55,3,2.5,3.2,2.73,3.05,2.62,3,2.7,3,2.73,2.63,3.2,3.01,33,2.73,2.57,1.55,1.5,21,-0.25,2.29,2.21,1.75,1.71,2.64,3.07,0
262,14,4,14,4,2,0,2.29,3.5,2.25,3.4,2.4,3.1,2.29,3.51,2.25,3.5,2.3,3.5,2.4,2.26,3.6,3.45,33,1.91,1.84,2.05,1.98,24,-0.25,2,1.94,1.97,1.92,2.27,3.53,1
263,20,9,14,8,2,0,1.22,7.5,1.19,7.25,1.2,6.5,1.2,7.34,1.2,7,1.2,7.5,1.22,1.2,7.7,7.17,33,1.45,1.41,3.15,2.87,22,-2,1.95,1.91,2,1.95,1.17,8.75,1
264,14,6,12,5,5,0,1.72,4,1.72,3.75,1.7,3.7,1.71,4.11,1.73,3.75,1.7,4,1.77,1.71,4.13,3.9,40,1.78,1.73,2.2,2.12,21,-0.75,1.95,1.89,2.01,1.97,1.68,4.16,1
265,22,5,10,4,2,0,1.22,7,1.2,7,1.2,7,1.21,7.08,1.2,6.5,1.22,7,1.25,1.22,7.25,6.77,33,1.5,1.47,2.9,2.66,21,-2,2.13,2.05,1.87,1.81,1.2,7.01,1
266,8,4,11,8,1,0,2.5,3.29,2.45,3.2,2.4,3.2,2.57,3.32,2.5,3.3,2.5,3.3,2.58,2.48,3.39,3.28,38,2.05,1.98,1.91,1.84,22,-0.25,2.19,2.13,1.83,1.76,2.38,3.36,1
267,11,5,14,8,1,0,2.25,3.25,2.25,3.2,2.3,3.2,2.26,3.26,2.25,3.1,2.25,3.25,2.33,2.24,3.38,3.2,36,2.35,2.25,1.71,1.65,22,-0.25,1.95,1.89,2.03,1.97,2.11,3.32,1
268,15,8,14,8,0,0,1.36,5.5,1.36,5.25,1.33,5.5,1.39,5.59,1.36,5,1.36,5.5,1.39,1.36,5.8,5.36,25,1.45,1.4,3,2.89,14,-1.25,1.81,1.76,2.2,2.15,1.31,6.4,1
269,10,4,6,2,0,0,2.37,3.7,2.35,3.5,2.3,3.6,2.34,3.71,2.3,3.5,2.4,3.7,2.4,2.35,3.71,3.59,34,1.67,1.63,2.42,2.29,20,-0.25,2.07,2.03,1.9,1.85,2.14,3.7,1
270,10,2,17,8,0,0,2.14,3.5,2.2,3.3,2,3.4,2.21,3.44,2.2,3.3,2.15,3.5,2.23,2.15,3.5,3.38,32,2.02,1.94,1.97,1.87,20,-0.25,1.9,1.85,2.07,2.03,2.16,3.55,0
271,11,2,13,5,1,0,11,6.5,10,6.75,11,6.1,12.1,6.52,10,6,13,6.25,13,10.84,6.75,6.18,37,1.59,1.54,2.6,2.46,21,2,1.67,1.61,2.51,2.37,12.01,5.82,0
272,15,4,12,2,0,0,3.25,3.2,3.4,3.1,2.65,3.3,3.3,3.22,3.25,3.1,3.4,3.2,3.4,3.22,3.3,3.16,37,2.41,2.27,1.68,1.63,21,0.25,1.88,1.83,2.09,2.03,3.14,3.39,1
273,21,4,11,4,2,0,5.25,4.33,5,4.33,4.6,4.35,5,4.33,4.4,4.2,5,4.4,5.25,4.85,4.5,4.31,29,1.46,1.42,3,2.8,20,1,1.86,1.8,2.13,2.07,5.01,4.48,0
274,16,9,8,4,2,0,1.18,8,1.16,8,1.2,6.5,1.18,7.92,1.17,7.5,1.18,8,1.21,1.18,8.5,7.65,32,1.4,1.35,3.4,3.18,22,-2,1.86,1.81,2.15,2.06,1.2,7.59,1
275,25,8,5,10,1,0,1.25,6.5,1.25,6,1.27,6,1.25,6.8,1.25,6,1.25,6.5,1.27,1.24,6.8,6.18,33,1.68,1.62,2.4,2.29,23,-1.75,1.95,1.89,2.02,1.97,1.22,7.2,1
276,11,3,17,5,0,0,3,3.6,2.95,3.6,2.95,3.6,3.03,3.71,2.88,3.5,3.1,3.7,3.1,2.97,3.74,3.62,37,1.71,1.66,2.45,2.23,23,0.25,1.9,1.85,2.07,2.01,3.14,3.57,0
277,10,2,9,4,0,0,2,3.39,2,3.3,2.1,3.3,2,3.39,1.95,3.4,2,3.4,2.1,1.98,3.5,3.34,28,2.28,2.19,1.72,1.67,18,-0.25,1.74,1.69,2.3,2.23,2.21,3.22,0
278,9,4,13,6,1,0,1.7,3.8,1.7,3.6,1.7,3.7,1.7,3.83,1.7,3.5,1.7,3.8,1.71,1.69,3.85,3.69,35,2.17,2.08,1.8,1.76,19,-0.75,1.94,1.9,2.01,1.98,1.82,3.49,1
279,20,6,11,7,1,0,2,3.5,1.95,3.4,2,3.4,1.95,3.5,1.95,3.4,2,3.4,2,1.95,3.52,3.42,35,2.2,2.12,1.8,1.72,17,-0.75,2.29,2.23,1.73,1.69,2.58,3.18,0
280,18,6,14,14,3,0,2.1,3.6,2,3.5,2.1,3.4,2.08,3.58,2.1,3.3,2.05,3.4,2.12,2.07,3.65,3.46,34,1.98,1.9,1.99,1.92,18,-0.5,2.11,2.07,1.86,1.83,2.16,3.36,0
281,9,0,9,6,1,0,2,3.6,1.95,3.5,1.95,3.5,2.03,3.58,1.95,3.5,2,3.6,2.06,1.99,3.63,3.52,34,2,1.93,1.95,1.89,21,-0.25,1.77,1.71,2.3,2.21,2.39,3.26,0
282,11,2,8,2,1,0,5.25,4.33,5.25,4.1,4.6,3.7,5.49,4.37,5.5,4.2,5.5,4.4,5.65,5.17,4.4,4.18,29,1.61,1.55,2.55,2.41,17,0.75,2.17,2.12,1.82,1.77,5,4.2,1
283,20,9,14,6,2,0,1.22,7,1.22,7,1.25,6,1.23,7.22,1.22,6.5,1.22,7,1.25,1.22,7.25,6.58,29,1.55,1.5,2.67,2.56,19,-1.75,1.88,1.84,2.1,2.03,1.22,7.2,1
284,28,9,7,10,0,0,1.12,10,1.13,9,1.12,9,1.13,10.17,1.12,9,1.13,10,1.14,1.12,11,9.54,36,1.29,1.26,4,3.85,23,-2.5,2,1.95,1.96,1.92,1.1,12.75,1
285,20,11,5,5,0,0,1.14,9.5,1.14,9,1.17,7.5,1.16,9,1.14,8.5,1.14,9.5,1.17,1.14,9.5,8.69,28,1.36,1.31,3.6,3.39,17,-2.5,2.12,2.06,1.86,1.82,1.14,10.5,1
286,18,7,8,5,0,0,1.18,8,1.19,7,1.2,6.8,1.19,7.4,1.17,7,1.18,7.5,1.21,1.18,8,7.2,37,1.55,1.51,2.65,2.53,24,-2,2.03,1.95,1.95,1.91,1.14,8.85,1
287,12,7,13,3,3,0,4.1,3.9,4,3.75,3.8,3.4,4.27,3.87,4,3.5,4.3,3.9,4.3,4.07,4,3.74,36,1.75,1.69,2.31,2.18,17,0.75,1.82,1.78,2.16,2.11,4.4,4.18,0
288,21,10,10,15,1,0,1.18,8,1.19,6.75,1.2,6.5,1.2,7.85,1.2,7,1.18,7.5,1.2,1.19,8,7.16,31,1.59,1.53,2.6,2.45,19,-2,2.02,1.97,1.94,1.9,1.21,7.55,1
289,13,6,13,6,3,0,4.2,3.79,4.1,3.7,4.4,3.7,4.04,3.7,4,3.75,4,3.7,4.4,3.94,3.8,3.67,35,1.86,1.78,2.11,2.04,20,0.75,1.8,1.7,2.32,2.21,4.25,3.7,1
290,17,5,10,9,0,0,1.33,5.5,1.33,5,1.35,5.3,1.33,5.42,1.3,5.25,1.33,5.5,1.36,1.33,5.5,5.23,34,1.75,1.67,2.32,2.21,23,-1.5,2.02,1.97,1.95,1.89,1.34,5.48,0
291,11,8,9,2,2,0,2.37,3.39,2.35,3.3,2.3,3.3,2.41,3.39,2.4,3.2,2.38,3.3,2.45,2.37,3.41,3.29,40,2.14,2.07,1.82,1.75,22,-0.25,2.07,2.02,1.9,1.85,2.18,3.33,1
292,6,2,8,2,1,0,7.5,4.5,6.25,4.5,6.5,4.2,7.58,4.55,6.5,4.5,7.5,4.5,7.58,6.92,4.55,4.34,30,1.85,1.77,2.12,2.05,20,1,2.13,2.09,1.84,1.8,7.25,4.39,0
293,13,7,8,2,0,0,1.9,3.5,1.91,3.3,2,3.25,1.89,3.56,1.91,3.4,1.91,3.5,2,1.89,3.63,3.44,38,2.25,2.15,1.77,1.7,20,-0.75,2.25,2.16,1.77,1.73,1.84,3.63,1
294,12,0,11,6,2,0,5.5,3.5,5.25,3.5,4.4,3.7,5.49,3.59,5.5,3.4,5.4,3.5,5.5,5.17,3.8,3.49,33,2.44,2.29,1.7,1.63,19,0.75,1.88,1.85,2.07,2.02,5.6,3.89,0
295,25,7,12,10,0,0,3,3.5,3,3.4,2.95,3.45,3.06,3.51,2.9,3.4,3,3.5,3.06,2.97,3.6,3.43,35,1.85,1.79,2.1,2.03,21,0.25,1.85,1.81,2.12,2.08,2.75,3.36,0
296,7,1,8,3,2,0,9,6,9.25,5.25,8,5.3,9.83,5.64,8,5.5,9.5,5.5,10,8.75,6,5.36,32,1.53,1.5,2.74,2.57,14,1.5,1.95,1.9,2.03,1.98,9.35,6.1,0
297,22,5,13,12,2,0,1.5,4.33,1.48,4.33,1.53,4.2,1.49,4.45,1.52,4.2,1.53,4.3,1.53,1.49,4.5,4.28,36,1.92,1.86,2.04,1.95,22,-1,1.85,1.82,2.13,2.06,1.49,4.47,0
298,18,6,8,15,0,0,1.75,3.75,1.72,3.7,1.85,3.5,1.76,3.71,1.75,3.5,1.73,3.8,1.85,1.74,3.9,3.67,36,2.1,2,1.87,1.82,21,-0.75,1.99,1.93,1.98,1.93,1.72,3.82,0
299,10,4,13,10,2,0,2.7,3.1,2.6,3.1,2.5,3.15,2.68,3.17,2.62,3.1,2.7,3.1,2.75,2.64,3.17,3.07,31,2.6,2.44,1.6,1.55,19,-0.25,2.29,2.24,1.73,1.69,2.77,3.1,0
300,11,4,5,5,2,0,4.75,3.6,4.5,3.5,4.5,3.6,4.8,3.59,4.75,3.5,4.75,3.6,4.8,4.54,3.65,3.53,41,2.05,1.97,1.91,1.85,18,0.5,2.07,2.03,1.88,1.85,5.2,3.43,1
301,22,6,10,6,2,0,2.35,3.29,2.25,3.25,2.4,3.3,2.32,3.42,2.3,3.3,2.3,3.3,2.4,2.29,3.46,3.33,37,1.98,1.92,1.96,1.9,21,-0.25,2,1.94,1.97,1.92,2.42,3.4,1
302,13,1,9,2,0,0,11,5.5,11,5.25,10,5.3,11.49,5.36,11,5,13,5.5,13,11.1,5.5,5.18,36,1.9,1.82,2.15,2,19,1.25,2.28,2.2,1.75,1.71,12.75,6.18,0
303,16,6,10,5,0,0,3.9,3.4,3.9,3.2,3.15,3.3,4.01,3.45,3.8,3.1,4,3.3,4.01,3.8,3.45,3.32,33,2.27,2.19,1.72,1.68,14,0.25,2.18,2.12,1.82,1.78,4.21,3.48,0
304,15,6,6,4,0,0,1.25,6.75,1.26,6,1.25,6.1,1.27,6.18,1.29,6,1.29,6,1.3,1.27,6.75,6.07,32,1.55,1.51,2.7,2.53,20,-1.75,2.07,2.01,1.95,1.86,1.33,5.53,1
305,11,2,13,6,2,0,3.8,3.4,3.6,3.3,3.4,3.2,3.85,3.37,3.6,3.3,3.8,3.3,3.85,3.65,3.45,3.31,36,2.2,2.1,1.8,1.74,20,0.25,2.11,2.06,1.87,1.82,3.45,3.47,0
306,8,5,16,2,2,0,2.37,3.29,2.3,3.3,2.2,3.35,2.33,3.38,2.3,3.3,2.38,3.3,2.4,2.31,3.4,3.27,30,2.1,2.02,1.88,1.79,19,-0.25,2.03,1.97,1.94,1.91,2.6,3.24,1
307,14,3,8,6,2,0,1.9,3.7,1.85,3.6,1.85,3.6,1.95,3.55,1.91,3.5,1.95,3.6,1.97,1.91,3.7,3.54,34,2.05,1.95,1.92,1.87,21,-0.75,2.28,2.21,1.75,1.71,2.03,3.5,1
308,13,4,11,3,2,0,2.4,3.4,2.3,3.3,2.3,3.3,2.39,3.38,2.35,3.3,2.38,3.4,2.45,2.35,3.4,3.32,35,2.05,1.98,1.91,1.85,19,-0.25,2.08,2.01,1.9,1.86,2.52,3.3,0
309,24,6,10,7,2,0,1.3,6,1.28,6,1.27,6,1.3,6.3,1.29,5.8,1.3,6,1.33,1.29,6.3,5.88,33,1.45,1.42,3,2.82,21,-1.75,2.07,2.01,1.9,1.85,1.32,5.98,1
310,14,4,8,4,1,0,1.18,8,1.18,6.75,1.17,7.5,1.22,7.05,1.17,7.5,1.2,7.5,1.23,1.19,8,6.97,38,1.71,1.66,2.3,2.23,22,-2,2.17,2.08,1.88,1.79,1.2,7.4,0
311,23,5,11,5,2,0,2.62,3.3,2.55,3.2,2.6,3.25,2.61,3.36,2.5,3.4,2.6,3.3,2.67,2.56,3.4,3.27,40,2.1,2.03,1.84,1.79,20,-0.25,2.25,2.18,1.76,1.72,2.62,3.35,0
312,18,3,8,7,3,0,1.75,3.5,1.75,3.4,1.8,3.6,1.77,3.48,1.75,3.3,1.75,3.5,1.82,1.75,3.6,3.43,36,2.45,2.36,1.65,1.59,20,-0.75,2.04,1.99,1.91,1.86,1.85,3.42,0
313,9,8,9,4,0,0,2.6,3.25,2.45,3.2,2.3,3.3,2.65,3.19,2.6,3.1,2.63,3.2,2.65,2.55,3.3,3.17,35,2.42,2.28,1.69,1.64,21,-0.25,2.25,2.17,1.76,1.73,2.62,3.09,1
314,16,7,11,5,1,0,3.1,3.4,3,3.3,3.15,3.3,3.13,3.36,2.9,3.3,3,3.4,3.28,3.05,3.43,3.33,32,2.03,1.95,1.91,1.86,20,0.25,1.86,1.81,2.15,2.08,3.43,3.38,0
315,15,6,11,7,1,0,2.25,3.4,2.2,3.3,2.2,3.3,2.27,3.44,2.2,3.3,2.25,3.4,2.32,2.23,3.45,3.35,37,2.16,2.09,1.81,1.75,22,-0.25,1.98,1.92,2,1.96,2.36,3.36,0
316,15,8,14,8,2,0,1.9,3.7,1.87,3.6,2.1,3.4,1.92,3.66,1.91,3.5,1.91,3.7,2.1,1.91,3.73,3.58,38,1.91,1.83,2.06,1.99,19,-0.25,1.68,1.64,2.4,2.32,1.93,3.65,1
317,12,3,12,5,2,0,5.25,3.89,5,3.75,5,3.7,5.34,4.05,5,3.8,5.25,3.9,5.55,5.09,4.1,3.88,31,1.89,1.81,2.1,2.01,19,0.75,2.04,1.99,1.93,1.88,5.25,3.75,0
318,21,4,15,7,1,0,2.55,3.3,2.45,3.3,2.55,3.2,2.65,3.27,2.55,3.2,2.63,3.25,2.65,2.55,3.35,3.23,34,2.25,2.17,1.75,1.7,19,-0.25,2.25,2.17,1.77,1.73,2.5,3.24,0
319,16,2,12,5,0,0,4.5,4,4.5,3.8,4.8,3.6,4.54,4,4.8,3.8,4.5,4,4.8,4.47,4.15,3.88,32,1.67,1.62,2.38,2.29,20,0.75,1.95,1.88,2.05,1.99,4.82,4.33,0
320,7,3,6,2,2,0,2.8,3.1,2.7,3.1,2.65,3.3,2.78,3.1,2.7,3.1,2.75,3.13,2.85,2.7,3.3,3.1,36,2.55,2.4,1.62,1.57,18,-0.25,2.36,2.3,1.71,1.66,2.89,3.15,1
321,12,2,8,6,1,0,2.2,3.5,2.2,3.3,2.1,3.4,2.18,3.48,2.25,3.2,2.2,3.4,2.33,2.2,3.5,3.34,30,2.1,2.01,1.89,1.81,19,-0.25,1.9,1.87,2.07,2.01,2.4,3.37,0
322,10,5,14,2,0,0,2.2,3.39,2.1,3.4,2.1,3.4,2.21,3.38,2.15,3.3,2.15,3.4,2.25,2.16,3.45,3.34,31,2.1,2.02,1.87,1.8,19,-0.25,1.89,1.85,2.08,2.03,2.27,3.3,1
323,20,8,11,8,0,0,1.36,4.75,1.35,5,1.4,4.8,1.4,5.1,1.33,5,1.36,5,1.41,1.37,5.2,4.89,35,1.78,1.73,2.17,2.1,18,-1.25,1.93,1.87,2.04,1.98,1.33,5.3,1
324,15,4,11,4,2,0,2.14,3.29,2,3.3,2,3.4,2.2,3.3,2.15,3.25,2.15,3.3,2.22,2.13,3.42,3.29,35,2.27,2.18,1.77,1.69,21,-0.25,1.88,1.82,2.13,2.06,2.41,3.18,1
325,16,6,8,7,1,0,1.33,5.5,1.34,5.25,1.33,5.3,1.36,5.45,1.33,5,1.33,5.4,1.38,1.34,5.65,5.22,35,1.73,1.64,2.35,2.25,17,-1.5,2.06,2,1.91,1.88,1.34,5.56,1
326,6,3,15,3,1,0,3.1,3.5,3,3.4,2.95,3.4,3.16,3.63,3,3.5,3.2,3.5,3.2,3.06,3.63,3.48,33,1.85,1.79,2.12,2.03,18,0.25,1.91,1.86,2.05,2,3.59,3.45,0
327,11,7,12,4,0,0,2.7,3.29,2.55,3.3,2.4,3.3,2.74,3.33,2.7,3.2,2.75,3.3,2.75,2.65,3.35,3.25,35,2.07,2,1.85,1.81,19,0,1.97,1.91,2,1.96,2.65,3.26,0
328,14,4,8,6,1,0,1.73,3.8,1.75,3.6,1.75,3.6,1.74,3.85,1.73,3.3,1.73,3.8,1.78,1.73,3.85,3.7,33,2.02,1.96,1.91,1.86,17,-0.75,1.98,1.94,1.98,1.93,1.76,3.73,1
329,15,7,12,6,3,0,1.72,4,1.72,3.9,1.73,3.9,1.76,3.86,1.73,3.75,1.75,3.9,1.78,1.74,4,3.86,31,1.79,1.7,2.33,2.17,18,-1,2.37,2.29,1.7,1.67,1.76,3.84,1
330,15,3,10,3,2,0,5,3.5,5,3.4,4.9,3.4,5.17,3.41,5,3.3,5.25,3.4,5.25,5.01,3.55,3.39,33,2.55,2.44,1.61,1.56,19,1,1.55,1.5,2.77,2.65,5.56,3.62,1
331,26,8,11,11,1,0,1.22,7,1.22,6.5,1.27,5.8,1.25,6.7,1.22,6,1.22,7,1.27,1.23,7,6.38,33,1.6,1.54,2.51,2.46,15,-1.75,1.89,1.86,2.08,2.02,1.21,7.95,0
332,5,1,12,5,0,0,6.5,4.33,6,4.2,5.8,4.1,6.31,4.28,5.5,4.33,6.25,4.4,6.6,6.03,4.5,4.28,36,1.72,1.65,2.33,2.23,23,1,2,1.94,2,1.93,6.29,4.46,0
333,22,10,7,10,1,0,1.75,3.75,1.75,3.6,1.8,3.6,1.76,3.74,1.75,3.7,1.75,3.7,1.8,1.74,3.85,3.68,36,2.1,2.01,1.88,1.81,22,-1,2.4,2.35,1.7,1.63,1.57,4.17,1
334,8,3,8,5,1,0,2.45,3.1,2.4,3.1,2.4,3.1,2.47,3.08,2.38,3,2.4,3.1,2.5,2.39,3.18,3.04,38,2.75,2.59,1.54,1.49,22,-0.25,2.1,2.02,1.91,1.86,2.48,3.11,0
335,16,6,11,9,2,0,1.44,5,1.44,4.75,1.4,4.8,1.46,4.85,1.42,4.75,1.45,5,1.46,1.44,5,4.79,33,1.56,1.52,2.66,2.54,21,-1,1.71,1.67,2.32,2.25,1.4,5.22,1
336,8,3,12,1,1,0,2.5,3,2.55,3.1,2.6,3.2,2.67,3.07,2.62,3,2.63,3,2.71,2.59,3.2,3.03,36,2.75,2.6,1.54,1.5,19,-0.25,2.25,2.18,1.78,1.73,2.62,3.1,0
337,11,5,9,3,3,0,2.25,3.5,2.25,3.4,2.2,3.45,2.3,3.52,2.25,3.4,2.25,3.5,2.37,2.25,3.55,3.43,38,1.82,1.77,2.15,2.04,21,-0.25,1.98,1.94,1.98,1.94,2.33,3.52,1
338,19,5,10,5,0,0,1.45,4.4,1.45,4.25,1.5,4.3,1.47,4.35,1.42,4.33,1.45,4.4,1.5,1.46,4.5,4.29,33,2.21,2.15,1.78,1.72,22,-1,1.83,1.78,2.19,2.09,1.47,4.42,1
339,13,4,12,3,3,0,2.37,3.4,2.3,3.3,2.35,3.3,2.44,3.33,2.35,3.3,2.45,3.4,2.45,2.36,3.4,3.31,34,2.16,2.06,1.85,1.77,19,-0.25,2.1,2.04,1.87,1.84,2.74,3.21,0
340,12,5,11,2,3,0,1.7,3.9,1.65,3.9,1.67,3.9,1.72,3.76,1.7,3.75,1.7,3.9,1.73,1.69,4.03,3.81,33,1.9,1.81,2.1,2.02,22,-1,2.27,2.2,1.75,1.71,1.78,3.68,1
341,16,4,10,4,1,1,2.39,3.29,2.35,3.2,2.6,3.3,2.41,3.29,2.4,3.2,2.4,3.4,2.6,2.38,3.4,3.25,33,2.2,2.11,1.8,1.73,24,-0.25,2.08,2.02,1.88,1.84,2.19,3.32,0
342,16,4,11,11,2,0,2,3.5,1.95,3.5,1.9,3.5,1.99,3.47,2,3.4,2,3.5,2.06,1.98,3.5,3.42,35,2.1,2.01,1.89,1.8,19,-0.5,2.02,1.98,1.95,1.91,1.83,3.63,0
343,19,6,10,7,1,0,1.53,4.2,1.55,4.1,1.55,4.15,1.56,4.16,1.53,4,1.57,4.1,1.57,1.55,4.35,4.12,32,1.85,1.8,2.1,2.03,21,-1,1.99,1.93,2,1.94,1.52,4.39,1
344,16,3,12,8,3,0,1.4,5,1.36,5,1.4,4.9,1.41,5.05,1.36,5,1.4,5,1.42,1.39,5.25,4.94,34,1.7,1.62,2.45,2.29,22,-1,1.65,1.59,2.51,2.41,1.47,4.49,1
345,6,3,16,3,1,0,5.5,3.6,5.5,3.6,5.1,3.5,5.37,3.56,4.8,3.6,5.5,3.6,5.52,5.19,3.62,3.53,39,2.35,2.26,1.7,1.64,22,1,1.62,1.58,2.54,2.44,5.9,3.7,1
346,8,3,9,3,4,0,13,6,11,5.75,8,5.3,13,5.9,12,5.5,13,6,13,11.77,6.15,5.69,37,1.73,1.68,2.28,2.2,20,1.75,1.86,1.81,2.1,2.05,13.5,5.65,0
347,18,8,14,5,1,0,1.25,6.5,1.2,6.75,1.25,6.1,1.27,6.35,1.25,5.5,1.25,6.5,1.29,1.25,6.79,6.22,33,1.49,1.44,2.88,2.72,21,-1.75,1.95,1.9,2.06,1.97,1.25,6.95,1
348,16,7,7,7,2,0,3.6,3.5,3.4,3.3,3.35,3.4,3.58,3.43,3.4,3.4,3.5,3.4,3.61,3.45,3.52,3.42,33,2,1.94,1.95,1.89,20,0.25,2.03,1.99,1.93,1.88,3.01,3.46,1
349,12,5,14,6,1,0,6.5,4,6,4,6.2,4,6.35,4.09,6.5,3.8,6.5,4,6.5,6.11,4.1,3.9,33,2.15,2.07,1.81,1.76,19,0.75,2.2,2.12,1.81,1.77,6,3.75,0
350,2,2,6,1,1,0,23,8,17.5,8,15,6.5,21.06,7.97,17,7.5,20,8.5,23,18.84,9,7.85,32,1.5,1.45,2.88,2.7,22,2,2.19,2.12,1.81,1.76,21.63,8.65,0
351,24,8,5,10,2,0,1.08,11,1.1,10.5,1.12,9,1.12,13,1.11,10,1.07,12,1.13,1.1,13,10.73,28,1.25,1.24,4.33,3.88,19,-2.75,2,1.96,1.95,1.92,1.11,12.5,1
352,11,3,10,11,0,0,2.25,3.29,2.3,3.4,2.3,3.4,2.42,3.53,2.38,3.5,2.38,3.5,2.44,2.35,3.53,3.4,42,2,1.92,1.96,1.89,20,-0.25,2.08,2.02,1.88,1.84,2.42,3.45,0
353,24,10,11,10,2,0,1.08,13,1.07,12.5,1.1,9.2,1.1,11.96,1.06,13,1.05,13,1.1,1.08,15,12.2,31,1.3,1.28,3.95,3.66,21,-3,2.13,2.03,1.9,1.84,1.07,14.92,1
354,7,3,12,2,0,0,15,6.5,13,6.5,11,6,13.5,6.85,13,6,15,6.5,15,13.07,7,6.23,33,1.55,1.49,2.75,2.6,23,2,1.8,1.72,2.26,2.15,13,7.15,0
355,18,6,13,10,2,0,2,3.6,1.95,3.8,2.2,3.5,2.04,3.85,2,3.75,2.05,3.9,2.2,2,3.91,3.76,36,1.54,1.5,2.68,2.57,21,-0.25,1.79,1.74,2.26,2.15,1.93,3.9,1
356,12,2,13,8,4,0,2.62,3,2.55,2.9,2.65,3.3,2.62,2.95,2.62,2.9,2.55,3,2.7,2.56,3.3,2.93,31,3,2.8,1.48,1.44,21,-0.25,2.2,2.13,1.81,1.77,2.5,2.89,0
357,15,2,11,3,2,0,3.9,3.5,3.8,3.5,3.7,3.35,3.83,3.57,3.8,3.2,3.9,3.4,4.01,3.83,3.57,3.4,38,2.1,2.01,1.88,1.81,20,0.25,2.2,2.12,1.8,1.76,4.74,3.53,0
358,19,10,7,6,2,0,3.75,3.79,3.6,3.8,3.5,3.7,3.75,3.9,3.6,3.75,3.7,3.9,3.79,3.62,4,3.78,39,1.59,1.54,2.55,2.45,19,0.25,2.24,2.17,1.76,1.72,3.89,3.91,1
359,29,2,10,13,2,0,1.62,4,1.57,4,1.65,3.8,1.64,3.94,1.62,3.6,1.65,4,1.66,1.61,4.05,3.84,36,2.17,2.08,1.8,1.75,19,-0.75,1.83,1.78,2.16,2.1,1.56,4.25,0
360,10,4,10,6,2,0,2.62,3.29,2.55,3.2,2.7,3.3,2.64,3.32,2.5,3.25,2.63,3.3,2.7,2.58,3.35,3.24,32,2.05,2,1.87,1.82,23,-0.25,2.28,2.19,1.77,1.71,2.61,3.27,0
361,16,8,17,7,1,0,2.3,3.4,2.25,3.25,2.3,3.3,2.34,3.42,2.3,3.2,2.3,3.4,2.45,2.3,3.45,3.34,33,2,1.94,1.93,1.88,16,-0.25,2.01,1.97,1.95,1.92,2.36,3.45,1
362,11,4,8,3,0,0,2.37,3.3,2.35,3.2,2.25,3.35,2.36,3.4,2.3,3.2,2.38,3.3,2.41,2.33,3.4,3.27,36,2.2,2.09,1.83,1.75,22,-0.25,2.04,1.98,1.92,1.88,2.44,3.23,0
363,15,7,9,5,1,0,3.4,3.25,3.4,3.2,3.2,3.3,3.46,3.33,3.3,3.2,3.5,3.2,3.5,3.39,3.33,3.21,36,2.35,2.25,1.7,1.64,20,0.25,1.95,1.91,2.02,1.96,3.27,3.27,0
364,7,3,12,3,4,0,2,3.5,1.95,3.4,1.9,3.5,1.98,3.58,2.05,3.1,1.95,3.5,2.06,1.97,3.6,3.41,31,2.12,2.05,1.86,1.77,19,-0.25,1.73,1.69,2.34,2.24,1.88,3.65,1
365,21,7,10,7,0,0,1.19,7.5,1.18,7,1.2,6.5,1.23,7.23,1.2,7,1.2,7,1.23,1.2,7.5,6.88,29,1.54,1.49,2.65,2.56,19,-2,2.1,2.04,1.9,1.83,1.18,8.3,1
366,10,4,10,3,1,0,7,4,6.5,4.1,6.2,4,6.63,4.24,6.5,4,7,4.2,7,6.47,4.3,4.05,35,2.05,1.99,1.92,1.82,21,1,1.97,1.91,2,1.95,7.85,4.7,0
367,11,3,12,6,1,0,2.14,3.39,2.05,3.4,2.2,3.35,2.23,3.38,2.15,3.4,2.25,3.3,2.25,2.16,3.5,3.3,32,2.25,2.15,1.77,1.7,20,-0.25,1.93,1.87,2.06,2.01,2.1,3.43,1
368,6,3,6,5,1,1,5.5,4,5.25,3.8,4.8,3.6,5.35,4,5,3.75,5.5,4,5.5,5.16,4,3.87,36,1.88,1.81,2.07,2.01,20,0.75,2.06,2,1.92,1.87,4.82,3.9,0
369,8,1,7,7,1,0,1.95,3.6,1.95,3.4,2,3.4,1.97,3.54,1.95,3.4,1.93,3.6,2.03,1.95,3.63,3.45,39,2.11,2.04,1.84,1.78,19,-0.5,1.97,1.94,1.99,1.93,1.86,3.58,0
370,8,3,8,1,3,0,9,5,7.25,4.75,7.2,4.4,8.06,5.11,8.5,4.5,7.5,5,9,7.39,5.15,4.82,36,1.57,1.52,2.67,2.49,20,1.25,2.01,1.95,1.97,1.91,6.32,4.78,0
371,19,10,5,6,0,0,1.28,6,1.25,6,1.25,6.1,1.29,5.66,1.27,5.5,1.3,5.75,1.32,1.29,6.25,5.74,33,1.59,1.54,2.65,2.48,21,-1.5,1.94,1.87,2.1,1.99,1.27,6,1
372,7,2,13,3,2,0,6.5,4,5.75,4,6.2,4,6.46,4.09,6.5,3.75,6.25,4.1,6.5,6.13,4.1,3.89,31,2.13,2.05,1.83,1.77,20,1,1.86,1.82,2.1,2.06,6.92,4.36,0
373,12,5,17,3,2,0,3,3.4,2.8,3.25,2.8,3.3,2.95,3.42,2.8,3.3,2.9,3.4,3,2.87,3.42,3.32,39,2.1,2.02,1.86,1.8,21,0.25,1.77,1.73,2.22,2.17,3.38,3.38,1
374,15,3,12,10,2,0,1.36,5.5,1.34,5.25,1.4,4.8,1.36,5.35,1.36,4.8,1.36,5.2,1.4,1.36,5.5,5.01,34,1.81,1.75,2.15,2.09,20,-1.25,1.87,1.81,2.12,2.06,1.36,5.3,0
375,10,3,13,7,1,0,1.22,7,1.22,6.5,1.22,6.5,1.24,6.55,1.22,6.5,1.25,6.5,1.26,1.23,7.1,6.41,34,1.54,1.51,2.75,2.55,22,-1.5,1.72,1.67,2.31,2.25,1.24,6.8,0
376,6,0,12,3,3,0,3.75,3.4,3.7,3.3,3.4,3.3,3.85,3.38,3.75,3.25,3.9,3.4,3.9,3.72,3.45,3.33,34,2.17,2.09,1.8,1.75,18,0.25,2.12,2.07,1.84,1.81,3.95,3.37,0
377,10,4,8,1,3,0,2.15,3.5,2.1,3.4,2.05,3.45,2.1,3.56,2.1,3.4,2.1,3.5,2.15,2.09,3.56,3.44,32,2.05,1.96,1.91,1.86,19,-0.25,1.83,1.8,2.15,2.08,2.18,3.42,1
378,19,6,13,12,0,0,1.75,4.2,1.75,4,1.8,3.7,1.76,4.05,1.75,4,1.75,4.1,1.8,1.74,4.2,3.99,36,1.65,1.61,2.41,2.31,23,-1,2.35,2.26,1.75,1.67,1.65,4.32,1
379,15,3,17,5,5,0,1.75,4,1.75,3.9,1.8,3.7,1.76,4,1.75,3.75,1.75,4,1.81,1.76,4.05,3.89,37,1.72,1.68,2.3,2.2,24,-1,2.4,2.33,1.7,1.64,1.71,4.01,1
380,10,2,10,6,1,0,2.04,3.7,2,3.5,2,3.55,2.07,3.67,2,3.6,2,3.7,2.1,2.03,3.75,3.58,36,1.85,1.79,2.15,2.03,19,-0.25,1.79,1.76,2.21,2.14,2.22,3.51,0
381,13,4,13,5,1,1,1.85,3.5,1.85,3.4,1.83,3.6,1.88,3.48,1.85,3.3,1.85,3.4,1.92,1.86,3.6,3.4,39,2.52,2.4,1.62,1.58,19,-0.5,1.89,1.85,2.07,2.02,1.76,3.7,0
382,17,6,11,5,1,0,2.88,3.2,2.8,3.2,2.7,3.15,3.06,3.38,2.9,3.2,2.88,3.3,3.06,2.9,3.38,3.22,34,2.25,2.17,1.78,1.69,16,0.25,1.82,1.75,2.2,2.14,2.95,3.32,1
383,13,3,12,8,2,1,1.8,3.75,1.72,3.7,1.75,3.7,1.79,3.78,1.8,3.5,1.75,3.8,1.81,1.76,3.85,3.67,33,2.1,2.03,1.85,1.8,20,-0.75,2.04,1.98,1.95,1.88,1.73,3.83,0
384,22,9,5,4,0,0,1.16,9,1.15,8,1.2,6.5,1.16,9.12,1.17,8,1.17,8.5,1.2,1.16,9.12,8.14,30,1.45,1.4,3.1,2.92,20,-2.25,2.02,1.97,1.95,1.9,1.14,10.5,1
385,7,1,14,4,4,0,11,5,11,4.75,7.6,4.8,10.84,4.89,9.5,4.75,11.5,5,11.5,10.06,5.1,4.84,35,1.85,1.79,2.1,2.02,17,1.5,1.85,1.8,2.14,2.07,9.53,4.52,0
386,12,7,12,6,2,0,1.72,3.75,1.67,3.7,1.7,3.7,1.78,3.64,1.73,3.6,1.75,3.6,1.78,1.72,3.75,3.61,32,2.38,2.25,1.7,1.64,19,-0.75,2.06,1.98,1.95,1.89,1.8,3.52,1
387,6,2,11,3,1,0,13,6.75,13,6.5,8.5,6,12.6,6.95,13,6,15,7,15,12.97,7.25,6.41,31,1.48,1.44,3,2.76,17,2,1.87,1.83,2.11,2.05,13,7.25,0
388,11,5,5,3,0,0,1.25,6,1.22,6.5,1.2,6.5,1.24,7.02,1.22,6,1.25,6,1.29,1.24,7.02,6.09,37,1.83,1.77,2.12,2.05,18,-1.75,2.15,2.07,1.96,1.81,1.23,6.95,1
389,15,6,13,5,2,0,2.37,3.2,2.35,3.1,2.3,3.15,2.46,3.11,2.4,3.1,2.45,3.13,2.55,2.39,3.2,3.1,32,2.62,2.46,1.6,1.55,19,-0.25,2.08,2.03,1.88,1.85,2.47,3.05,0
390,13,5,10,6,3,0,2.25,3.39,2.2,3.2,2.35,3.3,2.23,3.42,2.2,3.3,2.25,3.3,2.35,2.21,3.45,3.33,36,2.14,2.05,1.83,1.77,22,-0.25,1.95,1.89,2.02,1.97,2.47,3.24,1
391,18,6,15,10,2,0,2,3.6,2,3.3,2,3.4,2.01,3.52,2,3.3,2,3.5,2.08,2,3.6,3.41,38,2.13,2.06,1.83,1.76,18,-0.5,2.03,1.99,1.93,1.88,2.01,3.51,0
392,33,15,11,12,3,0,2.5,3.39,2.45,3.25,2.5,3.2,2.44,3.42,2.5,3.2,2.45,3.4,2.52,2.44,3.5,3.31,31,2.01,1.93,1.95,1.89,20,-0.25,2.14,2.1,1.85,1.8,2.32,3.43,0
393,10,7,13,4,5,0,4.5,3.75,4.5,3.5,4.1,3.5,4.48,3.74,4.5,3.6,4.75,3.7,4.75,4.37,3.79,3.61,40,2.06,2,1.88,1.82,19,0.5,2.08,2.03,1.88,1.84,4.81,3.85,0
394,4,2,13,10,0,0,4.2,3.8,4,3.6,4,3.6,4.2,3.83,3.75,3.7,4.1,3.75,4.2,4.01,3.9,3.72,37,1.76,1.71,2.25,2.14,21,0.25,2.39,2.31,1.69,1.65,4.46,3.86,0
395,20,5,8,11,2,0,2.5,3.39,2.45,3.4,2.4,3.3,2.48,3.47,2.5,3.25,2.5,3.5,2.53,2.45,3.51,3.39,41,1.89,1.83,2.06,1.98,20,-0.25,2.18,2.1,1.82,1.78,2.67,3.54,0
396,10,3,9,11,2,0,1.66,4.2,1.6,4.1,1.55,4,1.68,4.14,1.65,4.2,1.67,4.2,1.7,1.65,4.4,4.11,35,1.68,1.62,2.4,2.28,22,-1,2.25,2.12,1.83,1.76,1.65,4.15,0
397,14,2,13,7,5,0,1.28,6,1.28,5.75,1.27,6,1.27,6.13,1.25,6,1.29,6,1.3,1.28,6.25,5.88,32,1.6,1.55,2.64,2.44,23,-1.5,1.85,1.8,2.12,2.06,1.3,5.74,1
398,7,3,8,3,1,1,2.79,3,2.65,3,2.5,3.1,2.78,3.01,2.7,3,2.75,3,2.85,2.73,3.1,2.96,32,2.96,2.75,1.49,1.44,19,-0.25,2.4,2.29,1.7,1.66,2.99,2.92,1
399,22,8,8,8,1,0,1.16,8.5,1.16,7.5,1.15,7.9,1.17,8.54,1.15,8,1.15,8.5,1.18,1.16,8.92,8.05,35,1.47,1.41,3,2.85,21,-2.25,2.03,1.96,1.96,1.91,1.15,9.48,1
400,14,5,7,5,2,0,9,5,9,5,7.5,4.8,8.5,4.92,9.5,4.8,8.5,4.6,9.5,8.46,5,4.67,29,1.87,1.81,2.05,1.99,17,1.25,1.97,1.89,2.06,1.98,7.65,4.62,1
401,22,6,7,13,1,0,1.7,3.75,1.7,3.6,1.67,3.65,1.69,3.82,1.7,3.7,1.7,3.7,1.73,1.69,3.82,3.67,33,2.3,2.22,1.75,1.66,22,-1,2.4,2.31,1.7,1.65,1.81,3.52,0
402,16,4,10,7,0,0,2.14,3.6,2.15,3.5,2.2,3.3,2.12,3.68,2.15,3.3,2.15,3.6,2.2,2.12,3.68,3.5,29,1.75,1.69,2.3,2.17,19,-0.25,1.86,1.83,2.11,2.06,2.21,3.59,0
403,7,1,5,5,2,0,6,4.2,5.25,4.2,5.7,3.9,5.59,4.29,5.5,4.2,5.4,4.3,6,5.35,4.3,4.14,34,1.7,1.63,2.38,2.26,20,1,1.85,1.82,2.13,2.07,6.2,4.4,0
404,10,3,8,4,0,0,1.9,3.39,1.91,3.5,2.1,3.4,2.05,3.43,1.95,3.4,2,3.5,2.1,1.98,3.6,3.42,33,2.13,2.02,1.86,1.8,18,-0.75,2.4,2.28,1.71,1.66,2.07,3.37,0
405,14,5,18,11,2,0,2.39,3.2,2.25,3.2,2.3,3.3,2.32,3.05,2.38,3.1,2.38,3.2,2.43,2.33,3.3,3.15,39,2.49,2.36,1.63,1.59,20,-0.25,2,1.96,1.94,1.89,2.33,3.23,0
406,29,9,9,10,1,0,1.61,3.9,1.62,3.75,1.67,3.8,1.62,3.92,1.6,3.75,1.62,3.9,1.67,1.62,4,3.82,35,2.15,2.08,1.8,1.75,23,-1,2.15,2.09,1.85,1.79,1.56,4.07,1
407,10,2,13,3,1,0,4,3.3,4,3.3,4,3.3,4.06,3.31,4,3.2,4.1,3.3,4.1,3.96,3.38,3.28,35,2.34,2.26,1.7,1.65,19,0.75,1.65,1.59,2.54,2.45,3.72,3.21,0
408,10,2,6,6,0,0,2.29,3.2,2.25,3.1,2.4,3.2,2.3,3.25,2.3,3.1,2.25,3.2,2.4,2.26,3.3,3.17,33,2.48,2.38,1.62,1.58,24,-0.25,1.96,1.91,2.01,1.95,2.4,3.23,1
409,14,3,10,4,1,0,6.5,4.5,6,4.4,6.5,4.2,6.49,4.66,6,4.5,6.5,4.6,6.5,6.09,4.7,4.47,35,1.66,1.61,2.45,2.33,21,1,2.08,2.03,1.87,1.83,7.75,5,0
410,8,5,10,3,1,0,2.6,3.25,2.45,3.2,2.4,3.2,2.62,3.26,2.5,3.2,2.6,3.2,2.63,2.53,3.3,3.18,32,2.38,2.27,1.69,1.64,23,-0.25,2.21,2.13,1.8,1.76,2.85,3.23,1
411,7,5,10,2,0,0,2.79,3.2,2.7,3.1,2.7,3.2,2.8,3.16,2.8,3.1,2.8,3.2,2.85,2.74,3.23,3.12,36,2.38,2.27,1.7,1.64,19,-0.25,2.38,2.3,1.68,1.65,2.63,3.2,1
412,6,4,10,1,2,0,11,6.5,11.5,6.25,11,6,12.41,6.83,12,6.5,13,6.5,13,11.86,6.83,6.18,32,1.57,1.53,2.6,2.48,19,1.75,1.98,1.93,1.98,1.94,11,6.4,0
413,18,10,16,10,2,0,1.44,4.5,1.44,4.5,1.5,4.3,1.46,4.54,1.47,4.4,1.45,4.5,1.5,1.45,4.6,4.44,35,1.97,1.89,2,1.92,21,-1,1.81,1.75,2.2,2.12,1.4,4.75,1
414,10,3,13,2,0,0,3.25,3.5,3.2,3.4,3.15,3.45,3.27,3.47,3.1,3.4,3.25,3.5,3.35,3.19,3.55,3.42,33,1.82,1.77,2.16,2.05,20,0.25,1.95,1.9,2.02,1.97,3.48,3.76,0
415,15,3,11,8,2,0,2.54,3.5,2.35,3.4,2.6,3.3,2.48,3.49,2.5,3.4,2.45,3.5,2.6,2.46,3.55,3.43,39,1.81,1.76,2.14,2.06,22,-0.25,2.17,2.12,1.82,1.77,2.86,3.45,0
416,16,8,7,10,0,0,1.16,8.5,1.16,8,1.17,7.6,1.16,8.26,1.15,8,1.17,8.5,1.18,1.16,9.5,8.05,36,1.47,1.42,3.05,2.83,23,-2,1.81,1.77,2.18,2.11,1.16,8.43,1
417,9,1,10,4,2,0,2.29,3.39,2.25,3.2,2.4,3.2,2.31,3.35,2.3,3.2,2.3,3.25,2.4,2.29,3.4,3.25,38,2.3,2.23,1.7,1.65,19,-0.25,2.01,1.94,1.97,1.91,2.18,3.35,1
418,12,4,13,9,1,0,2.1,3.39,2.05,3.4,2.05,3.35,2.1,3.45,2.05,3.4,2.1,3.4,2.12,2.06,3.5,3.39,33,2.11,2.04,1.85,1.79,23,-0.25,1.82,1.77,2.17,2.1,1.94,3.49,0
419,9,2,5,3,1,0,4,3.6,4,3.6,3.7,3.5,3.98,3.6,4,3.5,4.2,3.5,4.2,3.98,3.62,3.51,34,2.1,2.03,1.85,1.8,18,0.25,2.31,2.22,1.76,1.71,3.19,3.18,1
420,6,1,15,2,2,0,2.38,3.25,2.3,3.2,2.3,3.3,2.36,3.27,2.3,3.1,2.38,3.25,2.45,2.33,3.35,3.22,35,2.25,2.2,1.78,1.68,16,-0.25,2.02,1.99,1.93,1.89,2.34,3.27,0
421,14,4,15,7,0,0,1.9,3.7,1.91,3.4,1.9,3.55,1.93,3.66,1.91,3.5,1.93,3.6,1.97,1.91,3.7,3.57,34,1.95,1.9,2,1.92,19,-0.75,2.24,2.17,1.76,1.73,2.03,3.43,1
422,20,0,11,5,1,0,2.63,3.2,2.55,3,2.4,3.2,2.64,3.17,2.4,3,2.6,3.13,2.72,2.56,3.2,3.1,32,2.57,2.46,1.58,1.54,17,-0.25,2.25,2.19,1.77,1.74,2.75,3.01,0
423,8,6,11,2,2,0,1.57,3.9,1.53,4,1.55,3.8,1.58,3.93,1.57,3.8,1.57,4,1.6,1.56,4.2,3.92,38,2.12,2.03,1.85,1.79,17,-0.75,1.75,1.7,2.29,2.21,1.55,4.07,1
424,14,3,13,7,3,0,2.38,3.25,2.35,3.25,2.3,3.3,2.37,3.23,2.3,3.1,2.38,3.25,2.43,2.34,3.3,3.21,35,2.26,2.17,1.75,1.69,16,-0.25,2.04,1.99,1.92,1.88,2.17,3.45,1
425,11,7,4,3,0,0,11,6,10.5,5.75,9.6,5.5,9.74,5.98,10,5.5,12,6,12,10.09,6.25,5.8,33,1.55,1.5,2.72,2.58,22,1.5,2.08,2.02,1.9,1.84,9.33,5.38,0
426,9,3,14,3,2,0,2.89,3.29,2.85,3.2,2.75,3.4,2.9,3.35,2.88,3.2,3,3.25,3,2.88,3.4,3.24,39,2.24,2.15,1.76,1.7,19,0.25,1.76,1.72,2.25,2.18,2.84,3.34,0
427,17,7,14,6,2,0,1.3,5.75,1.26,5.75,1.33,5.5,1.3,5.95,1.3,5.5,1.29,6,1.33,1.29,6.15,5.65,32,1.59,1.55,2.57,2.44,20,-1.5,1.88,1.83,2.09,2.04,1.3,5.72,0
428,10,4,9,7,1,0,5.75,3.8,5.25,3.7,5,3.8,5.52,3.81,5.25,3.8,5.5,3.9,5.75,5.29,3.99,3.79,33,1.8,1.74,2.21,2.11,21,1,1.76,1.71,2.27,2.2,6.18,3.99,1
429,13,8,7,8,0,0,1.36,5.25,1.36,5,1.4,4.8,1.38,5.11,1.36,4.8,1.36,5.2,1.4,1.37,5.25,4.96,35,1.7,1.66,2.31,2.23,22,-1,1.62,1.58,2.6,2.44,1.34,5.45,1
430,21,8,9,10,1,0,2.5,3.1,2.5,3,2.6,3.3,2.5,3.04,2.5,3,2.5,3.1,2.6,2.48,3.3,3.04,33,2.78,2.6,1.53,1.5,22,-0.25,2.11,2.06,1.86,1.82,2.62,2.97,1
431,8,3,11,5,1,0,3.1,3.25,3,3.2,2.65,3.3,3.06,3.32,3,3.25,3,3.3,3.11,2.99,3.32,3.23,35,2.23,2.14,1.77,1.71,18,0.25,1.8,1.76,2.2,2.13,3.1,3.2,0
432,8,2,6,6,1,1,7,5,6.75,4.75,7,4.5,7.34,5.09,6,4.75,7,5,7.35,6.79,5.11,4.83,37,1.59,1.55,2.6,2.43,20,1.25,1.97,1.93,1.99,1.94,8.01,5.28,0
433,20,11,12,12,1,0,1.28,6.5,1.26,6,1.3,5.5,1.3,6.24,1.25,6,1.29,6.25,1.31,1.28,6.5,5.93,33,1.57,1.51,2.65,2.54,23,-1.75,2.06,2,1.9,1.86,1.28,6.45,1
434,16,7,8,7,2,0,1.33,5.75,1.34,5.25,1.4,4.8,1.32,5.82,1.3,5.5,1.3,5.5,1.4,1.33,6,5.55,32,1.56,1.52,2.65,2.51,20,-1.5,2.05,1.9,2.04,1.96,1.25,6.86,1
435,13,5,10,11,1,0,2.1,3.6,2.05,3.5,2.3,3.4,2.11,3.62,2.1,3.4,2.1,3.6,2.3,2.1,3.62,3.5,42,1.95,1.86,2.05,1.96,22,-0.25,1.85,1.81,2.13,2.07,2.01,3.66,1
436,19,10,10,9,1,0,1.14,10,1.14,8.5,1.15,7.5,1.16,9,1.14,9,1.15,9,1.17,1.15,10,8.47,34,1.48,1.44,2.89,2.75,20,-2.25,2.08,2.02,1.88,1.83,1.15,9.1,1
437,20,11,11,10,1,0,1.33,5.75,1.33,5.5,1.33,5.5,1.36,5.29,1.35,5,1.36,5.4,1.38,1.35,5.75,5.24,35,1.61,1.57,2.55,2.42,23,-1.5,2.11,2.02,1.9,1.83,1.39,5.09,1
438,7,3,7,4,2,0,2.25,3.3,2.2,3.3,2.25,3.3,2.28,3.35,2.25,3.25,2.3,3.3,2.32,2.25,3.41,3.3,35,2.1,1.98,1.9,1.83,21,-0.25,1.97,1.93,1.99,1.94,2.36,3.3,1
439,23,4,14,9,2,0,1.67,3.6,1.62,3.7,1.7,3.7,1.68,3.81,1.62,3.6,1.67,3.75,1.7,1.65,3.9,3.71,33,2.18,2.08,1.8,1.75,17,-0.75,1.89,1.86,2.06,2.01,1.71,3.77,0
440,19,11,10,8,2,0,1.19,6.5,1.2,7,1.25,6.5,1.22,7.4,1.22,6,1.22,7,1.25,1.21,7.49,6.76,35,1.43,1.38,3.2,2.99,22,-2,2.02,1.95,1.95,1.91,1.24,6.7,1
441,17,11,10,10,1,0,1.66,4,1.6,4,1.65,3.95,1.66,4.09,1.62,3.9,1.67,4,1.71,1.65,4.1,3.95,33,1.85,1.79,2.11,2.04,23,-1,2.18,2.11,1.8,1.77,1.7,3.94,1
442,6,1,11,5,0,0,2.6,3.3,2.55,3.25,2.6,3.3,2.61,3.3,2.55,3.2,2.6,3.25,2.65,2.56,3.3,3.22,39,2.3,2.2,1.72,1.68,22,-0.25,2.22,2.17,1.77,1.73,2.86,3.13,0
443,18,5,12,8,1,0,2.1,3.5,2.1,3.4,2.2,3.3,2.11,3.49,2.05,3.3,2.1,3.5,2.2,2.1,3.53,3.42,38,2.01,1.96,1.95,1.85,22,-0.25,1.85,1.79,2.17,2.09,2,3.58,0
444,15,3,6,7,0,0,2.2,3.2,2.15,3.2,2.2,3.2,2.22,3.27,2.15,3.1,2.25,3.13,2.27,2.19,3.33,3.18,37,2.45,2.35,1.65,1.59,22,-0.25,1.9,1.85,2.07,2.01,2.43,3.18,0
445,19,5,7,13,0,0,1.14,10,1.15,8,1.15,8,1.14,9.39,1.12,8.5,1.15,9.5,1.17,1.14,10,8.79,34,1.4,1.35,3.4,3.18,23,-2.5,2.18,2.11,1.82,1.77,1.17,7.9,0
446,16,4,14,6,2,0,2.9,3.6,2.85,3.5,2.85,3.55,3.03,3.59,2.9,3.5,3,3.6,3.03,2.9,3.65,3.51,34,1.67,1.63,2.39,2.27,21,0.25,1.85,1.8,2.14,2.08,3.12,3.56,0
447,11,1,13,4,3,0,1.53,4.2,1.5,4,1.6,4,1.5,4.3,1.5,3.8,1.53,4.2,1.6,1.51,4.33,4.1,35,2.15,2.07,1.82,1.75,21,-1,1.97,1.91,2.05,1.96,1.57,3.96,0
448,5,4,11,3,2,1,10,5.25,9.5,5,8,5.3,9.96,5.8,10,5.5,10,5.5,10.5,9.54,6,5.47,35,1.6,1.54,2.6,2.47,23,1.5,2.03,1.96,1.96,1.91,12.58,7.05,0
449,16,5,12,8,2,0,3.1,3.1,3.1,3.1,3.05,3.15,3.08,3.11,3,3,3.1,3.1,3.15,3.05,3.15,3.07,34,2.52,2.4,1.62,1.57,21,0.25,1.76,1.73,2.25,2.18,2.9,3.1,0
450,14,6,11,10,3,0,2.6,3.39,2.7,3.4,2.6,3.3,2.8,3.51,2.7,3.3,2.75,3.5,2.8,2.68,3.65,3.4,30,1.7,1.65,2.35,2.24,18,-0.25,2.4,2.29,1.74,1.66,3.32,3.42,0
451,20,5,11,7,2,0,2.75,3.25,2.65,3.25,2.6,3.3,2.8,3.23,2.6,3.2,2.75,3.25,2.81,2.67,3.3,3.18,30,2.34,2.22,1.71,1.65,17,-0.25,2.37,2.29,1.7,1.66,3.08,3.3,0
452,8,2,10,2,2,1,2.2,3.4,2.2,3.4,2.15,3.45,2.17,3.52,2.2,3.4,2.2,3.4,2.28,2.19,3.55,3.4,34,1.95,1.89,2,1.92,19,-0.25,1.91,1.87,2.07,2.01,2.32,3.28,0
453,14,4,6,5,0,0,2.9,3.2,2.8,3.1,2.8,3.05,2.93,3.16,2.8,3.1,2.88,3.2,2.93,2.84,3.2,3.1,35,2.42,2.31,1.66,1.61,21,0.25,1.71,1.67,2.35,2.28,3.03,3.18,0
454,19,7,7,6,2,0,1.22,7,1.22,6.5,1.22,6.5,1.22,6.74,1.25,6,1.25,6.5,1.26,1.23,7.5,6.51,32,1.5,1.45,2.8,2.69,20,-2,2.22,2.12,1.84,1.75,1.25,6.6,1
455,22,4,9,7,0,0,2.1,3.4,2.1,3.25,2.1,3.2,2.14,3.37,2.15,3.25,2.15,3.25,2.19,2.11,3.4,3.27,34,2.45,2.31,1.66,1.61,19,-0.25,1.85,1.8,2.16,2.1,2.01,3.55,0
456,9,4,14,1,4,0,1.66,3.79,1.67,3.7,1.75,3.6,1.7,3.85,1.7,3.6,1.7,3.8,1.75,1.69,3.9,3.69,34,2.14,2.06,1.83,1.77,20,-0.75,1.96,1.9,2.01,1.96,1.85,3.57,0
457,8,3,11,5,3,0,2.62,3.6,2.6,3.6,2.5,3.4,2.7,3.61,2.7,3.3,2.7,3.6,2.78,2.65,3.7,3.52,39,1.75,1.67,2.37,2.22,19,-0.25,2.34,2.27,1.71,1.67,2.8,3.66,0
458,9,3,13,6,1,0,2.39,3.2,2.4,3.1,2.4,3.3,2.38,3.16,2.4,3.1,2.4,3.13,2.45,2.38,3.3,3.11,30,2.51,2.39,1.62,1.57,19,-0.25,2.07,2.02,1.92,1.85,2.41,3.19,0
459,17,4,5,7,0,0,1.25,6.5,1.26,5.75,1.25,6.1,1.27,5.71,1.25,5.8,1.29,5.75,1.29,1.26,6.5,5.79,33,1.75,1.7,2.25,2.16,21,-1.5,1.9,1.84,2.08,2.03,1.3,5.54,1
460,11,5,7,4,1,0,1.66,3.79,1.62,3.9,1.7,3.9,1.65,4.08,1.67,3.75,1.67,3.9,1.7,1.65,4.08,3.85,34,2.07,2,1.91,1.82,19,-0.75,1.86,1.82,2.14,2.06,1.83,3.52,1
461,6,1,12,3,1,0,11,5,9.25,4.75,7.5,4.8,12.01,5.33,10,4.5,12,5,12.01,10.48,5.33,4.89,34,1.97,1.9,2,1.93,17,1.25,2.2,2.11,1.82,1.78,11.55,5.25,0
462,15,10,8,5,1,0,1.5,4.5,1.5,4.6,1.53,4.5,1.5,4.93,1.47,4.75,1.5,4.8,1.53,1.49,5.15,4.74,35,1.56,1.51,2.74,2.55,23,-1,1.82,1.77,2.2,2.13,1.39,5.54,1
463,19,12,6,5,0,0,1.14,9,1.13,8.75,1.2,7,1.14,9.66,1.14,8.5,1.14,9,1.2,1.13,10.3,8.89,36,1.43,1.4,3.1,2.89,20,-2.25,1.85,1.8,2.14,2.07,1.13,10.25,1
464,15,9,9,2,1,0,1.5,4.75,1.48,4.5,1.55,4,1.51,4.63,1.5,4.4,1.53,4.6,1.55,1.5,4.75,4.45,32,1.67,1.62,2.45,2.29,22,-1,1.87,1.81,2.13,2.06,1.58,4.25,1
465,15,10,10,4,2,0,1.11,12,1.09,11,1.15,7.5,1.12,12.2,1.11,9,1.11,11.5,1.15,1.1,12.4,10.5,30,1.3,1.27,3.9,3.66,19,-2.75,2.06,2,1.93,1.87,1.12,11.5,1
466,21,6,11,5,1,0,2.04,3.39,2,3.25,2.1,3.25,2.05,3.4,2.05,3.3,2.05,3.4,2.11,2.03,3.51,3.35,37,2.2,2.14,1.77,1.71,19,-0.25,1.77,1.73,2.23,2.15,2.12,3.31,0
467,9,3,6,3,0,0,2.14,3.39,2.15,3.3,2.2,3.35,2.16,3.47,2.15,3.4,2.2,3.4,2.22,2.13,3.5,3.37,30,2.02,1.94,1.93,1.86,19,-0.25,1.88,1.84,2.11,2.04,2.08,3.45,1
468,9,4,15,0,2,0,2.14,3.2,2.1,3.1,2.2,3.1,2.16,3.3,2.15,3.1,2.2,3.2,2.22,2.14,3.3,3.14,33,2.63,2.52,1.57,1.52,21,-0.25,1.88,1.83,2.1,2.04,2.59,2.97,0
469,24,5,10,8,1,0,1.25,6,1.22,6.25,1.3,5.5,1.27,6.2,1.25,5.5,1.25,6.25,1.3,1.25,6.25,5.83,29,1.76,1.69,2.26,2.16,19,-1.75,2.05,2,1.91,1.88,1.26,6.6,0
470,19,6,9,6,1,0,2.1,3.39,2.1,3.3,1.9,3.5,2.13,3.43,2.15,3.2,2.1,3.4,2.2,2.11,3.5,3.31,33,2.25,2.15,1.76,1.71,20,-0.25,1.85,1.8,2.14,2.08,1.97,3.48,0
471,15,4,10,6,0,0,2.45,3.5,2.4,3.4,2.4,3.3,2.36,3.51,2.4,3.3,2.4,3.5,2.45,2.37,3.52,3.39,39,1.92,1.84,2.03,1.97,21,-0.25,2.09,2.03,1.88,1.84,2.35,3.4,1
472,16,6,8,9,1,0,2.05,3.3,2,3.3,2,3.2,2.06,3.41,2.05,3.3,2.05,3.3,2.1,2.04,3.41,3.28,33,2.4,2.29,1.7,1.63,20,-0.25,1.77,1.74,2.25,2.16,2.05,3.34,0
473,14,3,7,8,0,0,1.22,7,1.2,7,1.25,6,1.22,7.6,1.22,6.5,1.22,7.5,1.25,1.21,7.75,6.95,30,1.45,1.41,3,2.86,22,-2,2.04,1.96,1.97,1.9,1.2,7.8,1
474,16,6,9,8,0,0,1.11,11,1.1,10,1.12,9,1.11,10.98,1.1,10,1.13,10.5,1.14,1.11,11.25,10.11,32,1.3,1.25,4.15,3.86,22,-2.5,1.89,1.83,2.1,2.03,1.13,9.87,1
475,18,8,9,6,0,0,1.57,4.5,1.6,4.1,1.6,4.25,1.6,4.41,1.57,4.2,1.62,4.2,1.62,1.6,4.5,4.3,33,1.75,1.69,2.29,2.19,21,-1,2.05,2,1.91,1.86,1.6,4.36,1
476,22,7,15,8,3,0,2.62,3.6,2.5,3.6,2.65,3.4,2.63,3.73,2.55,3.5,2.55,3.6,2.65,2.56,3.75,3.57,33,1.61,1.56,2.57,2.41,21,-0.25,2.28,2.21,1.76,1.71,2.94,3.53,1
477,11,4,9,7,1,0,2.54,3.6,2.4,3.6,2.4,3.3,2.51,3.71,2.45,3.6,2.5,3.75,2.6,2.47,3.76,3.61,31,1.57,1.5,2.71,2.57,19,-0.25,2.2,2.13,1.82,1.76,2.68,3.69,0
478,12,2,13,8,2,0,2.39,3.2,2.35,3.1,2.2,3.35,2.47,3.13,2.4,3.1,2.4,3.2,2.47,2.38,3.35,3.1,32,2.55,2.42,1.61,1.56,20,-0.25,2.08,2.03,1.9,1.86,2.72,2.99,0
479,17,5,12,6,0,1,2.62,3.6,2.6,3.4,2.55,3.5,2.63,3.58,2.5,3.6,2.6,3.6,2.69,2.59,3.6,3.49,38,1.76,1.72,2.25,2.12,21,-0.25,2.29,2.22,1.74,1.69,2.68,3.51,0
480,12,1,14,7,3,0,3.8,3.5,3.6,3.4,3.5,3.4,3.94,3.5,3.5,3.25,3.8,3.5,3.94,3.69,3.5,3.4,33,2.1,2.04,1.86,1.79,15,0.25,2.17,2.12,1.82,1.79,3.98,3.55,0
481,6,1,7,4,1,0,8.5,4.75,8,4.75,7,4.5,9.54,5,8,4.5,9,4.8,9.54,8.47,5.05,4.7,34,1.79,1.74,2.2,2.1,17,1.25,2.02,1.98,1.96,1.9,9,4.92,0
482,25,8,8,13,0,0,1.19,7.5,1.18,7,1.2,6.5,1.21,7.25,1.2,7,1.2,7,1.23,1.2,7.51,6.9,34,1.75,1.66,2.38,2.22,21,-2,2.12,2.08,1.85,1.81,1.17,8.4,1
483,9,4,12,7,3,0,2.15,3.2,2.15,3.1,2.25,3.35,2.33,3.13,2.25,3.1,2.25,3.2,2.35,2.24,3.35,3.14,33,2.55,2.44,1.58,1.55,18,-0.25,1.96,1.92,2,1.96,2.17,3.32,0
484,19,9,6,6,0,0,1.4,5.25,1.4,4.75,1.4,4.95,1.39,5.14,1.38,4.8,1.4,5,1.42,1.4,5.3,4.95,32,1.64,1.6,2.45,2.34,22,-1.5,2.21,2.14,1.8,1.74,1.31,5.98,1
485,13,5,14,6,4,0,2.6,3.25,2.55,3.1,2.5,3.2,2.61,3.33,2.5,3.3,2.6,3.3,2.66,2.55,3.36,3.22,39,2.21,2.13,1.79,1.71,20,-0.25,2.23,2.16,1.77,1.73,2.37,3.37,1
486,16,10,6,5,0,0,1.5,4.75,1.5,4.4,1.5,4.2,1.49,4.73,1.5,4.33,1.5,4.6,1.52,1.5,4.75,4.46,33,1.64,1.59,2.45,2.36,21,-1,1.85,1.8,2.12,2.08,1.44,4.97,1
487,10,2,10,10,2,0,2.4,3.1,2.35,3.1,2.3,3.3,2.39,3.12,2.4,3,2.45,3.1,2.45,2.37,3.3,3.08,31,2.71,2.59,1.53,1.5,16,-0.25,2.04,2.01,1.92,1.88,2.66,3.15,0
488,9,2,7,2,2,0,6,3.75,6,3.6,5,3.75,5.94,3.85,5.5,3.7,6.25,3.8,6.25,5.73,3.9,3.72,36,2.21,2.14,1.77,1.7,21,1,1.74,1.7,2.28,2.22,6.72,4.02,0
489,21,5,11,4,3,0,2.35,3,2.3,3,2.4,3.1,2.37,3.07,2.3,3,2.3,3.1,2.42,2.32,3.14,3.02,35,2.7,2.56,1.55,1.51,20,-0.25,2,1.94,1.97,1.92,2.26,3.08,1
490,22,11,3,7,0,0,1.19,8,1.16,8,1.15,7.5,1.21,7.65,1.2,6.5,1.17,8,1.23,1.19,8,7.25,34,1.47,1.41,3,2.86,21,-2,1.95,1.88,2.04,1.97,1.22,7.12,1
491,5,2,10,1,2,0,2.75,3.39,2.65,3.3,2.6,3.2,2.79,3.34,2.75,3.3,2.7,3.4,2.81,2.7,3.4,3.3,38,1.98,1.91,1.97,1.92,19,-0.25,2.38,2.31,1.7,1.65,3.2,3.26,1
492,13,2,5,5,2,0,6,4.1,5.75,4,5.7,3.9,5.69,4.25,6,3.6,5.75,4.1,6.1,5.66,4.25,4.04,38,1.83,1.78,2.14,2.05,18,0.75,2.2,2.13,1.8,1.77,6.65,4.6,0
493,14,3,14,5,3,0,5,4,4.6,3.9,4.8,3.6,5.39,4.06,4.5,3.75,5.25,4,5.39,4.83,4.1,3.85,35,1.88,1.82,2.07,2,20,0.75,2.04,1.96,1.95,1.9,5.7,4.19,0
494,16,8,12,7,0,0,1.4,5,1.4,4.75,1.45,4.5,1.43,4.78,1.42,4.75,1.4,4.8,1.45,1.42,5,4.66,36,1.87,1.8,2.1,2.02,23,-1,1.71,1.67,2.34,2.25,1.47,4.34,1
495,10,7,13,4,3,0,2.45,3.5,2.3,3.6,2.4,3.3,2.45,3.59,2.38,3.5,2.45,3.5,2.52,2.4,3.6,3.48,35,1.65,1.62,2.42,2.3,21,-0.25,2.13,2.08,1.85,1.8,2.44,3.52,0
496,12,4,11,7,1,0,1.9,3.6,1.9,3.4,1.9,3.5,1.89,3.63,1.91,3.5,1.87,3.6,1.93,1.88,3.71,3.53,38,2.05,1.98,1.92,1.83,20,-0.75,2.2,2.13,1.8,1.75,1.88,3.61,1
497,7,0,15,2,0,0,11,6,10,5.5,8,5.3,9.78,5.39,10,5.5,10.5,5.5,11,10.09,6,5.39,36,1.78,1.72,2.25,2.13,23,1.5,1.98,1.93,1.98,1.94,10.06,5.37,0
498,9,4,15,2,3,0,1.8,3.5,1.8,3.4,1.9,3.5,1.9,3.49,1.83,3.5,1.9,3.5,1.91,1.86,3.6,3.46,34,2.08,2.01,1.86,1.81,17,-0.5,1.92,1.87,2.04,2,1.84,3.64,1
499,13,7,10,8,2,0,1.85,4,1.85,3.8,2,3.4,1.89,3.94,1.85,3.75,1.83,4,2,1.87,4,3.82,29,1.56,1.53,2.63,2.51,15,-0.5,1.9,1.87,2.05,2.02,1.89,3.98,1
500,9,2,9,4,1,0,2.62,3.1,2.6,3,2.6,3,2.63,3.1,2.62,3.1,2.6,3.1,2.64,2.56,3.14,3.02,38,2.66,2.52,1.57,1.52,20,-0.25,2.22,2.15,1.78,1.74,2.77,3.06,0
501,16,3,3,10,0,0,1.83,3.6,1.83,3.5,1.9,3.5,1.83,3.64,1.75,3.6,1.83,3.6,1.9,1.8,3.7,3.54,31,2.27,2.16,1.76,1.7,19,-0.75,2.15,2.08,1.84,1.81,2.1,3.27,1
502,18,3,9,3,1,0,1.75,3.39,1.75,3.5,1.8,3.6,1.78,3.62,1.75,3.4,1.75,3.6,1.8,1.75,3.69,3.52,37,2.33,2.23,1.72,1.66,19,-0.75,2.03,1.98,1.93,1.88,1.78,3.63,1
503,9,1,6,8,0,0,13,6.5,10.5,6.25,10,6,12.46,6.58,10,6.5,13,6.5,13,11.55,6.75,6.3,33,1.46,1.43,3,2.78,22,2,1.8,1.72,2.26,2.19,12.2,6.9,0
504,13,3,4,9,0,0,1.66,3.75,1.62,3.6,1.75,3.6,1.64,3.76,1.67,3.5,1.65,3.75,1.75,1.64,3.8,3.64,34,2.4,2.28,1.67,1.63,19,-0.75,1.87,1.84,2.1,2.05,1.67,3.7,0
505,13,5,9,3,1,0,1.8,3.6,1.72,3.6,1.75,3.6,1.81,3.59,1.8,3.5,1.8,3.6,1.84,1.78,3.7,3.56,37,2.16,2.08,1.8,1.75,20,-0.75,2.08,2,1.89,1.85,1.85,3.49,0
506,21,9,5,18,0,0,1.12,10,1.11,10,1.15,8,1.14,10.21,1.12,9,1.13,10,1.15,1.13,11,9.22,35,1.33,1.3,3.75,3.5,20,-2.5,2.05,2,1.92,1.86,1.12,11,1
507,12,5,9,4,3,0,7.5,5,6.5,4.75,6.5,4.3,7.5,4.96,7,4.75,7.5,5,8.03,7.32,5.1,4.76,37,1.7,1.65,2.33,2.25,22,1,2.37,2.25,1.77,1.67,8.17,4.75,0
508,9,3,15,5,1,0,1.95,3.6,1.95,3.5,2,3.4,2.02,3.48,1.95,3.5,1.95,3.6,2.03,1.96,3.65,3.51,34,1.97,1.89,2,1.91,20,-0.75,2.35,2.24,1.75,1.7,2.02,3.45,1
509,16,3,10,6,1,0,4.75,4.1,4.33,3.9,4.4,3.7,4.56,4.26,4.2,4.2,4.75,4.1,4.75,4.39,4.26,4.07,33,1.65,1.6,2.45,2.33,20,1,1.7,1.64,2.38,2.32,4.57,3.86,0
510,16,5,16,7,4,0,2.29,3.29,2.3,3.4,2.3,3.2,2.35,3.47,2.3,3.4,2.3,3.5,2.42,2.32,3.51,3.39,38,1.88,1.83,2.05,1.98,20,-0.25,2.06,1.99,1.92,1.87,2.22,3.48,0
511,12,7,8,3,1,0,5.25,4.2,5.5,4.1,5.2,3.9,5.55,4.26,5.5,4,5.75,4.2,5.75,5.42,4.35,4.1,35,1.75,1.68,2.3,2.2,22,1,1.89,1.81,2.12,2.07,5.71,4.15,1
512,7,2,11,1,0,0,9,4.5,8.5,4.33,7.5,4.8,8.36,4.68,9,4.6,8.5,4.6,9,8.31,4.8,4.43,33,2.03,1.95,1.95,1.88,23,1.25,1.86,1.83,2.1,2.03,9.21,4.48,0
513,18,4,6,6,0,0,1.85,3.8,1.8,3.75,1.9,3.5,1.84,3.88,1.8,3.75,1.85,3.8,1.9,1.83,4,3.79,33,1.71,1.68,2.4,2.21,22,-1,2.6,2.47,1.65,1.57,1.83,3.93,1
514,12,5,17,6,1,0,3.25,3.5,3,3.4,3.1,3.4,3.31,3.48,3.2,3.4,3.3,3.5,3.31,3.15,3.5,3.41,34,2.01,1.92,1.95,1.89,19,0.25,1.93,1.89,2.04,1.98,3.43,3.53,1
515,16,7,9,9,2,0,2.39,3.25,2.4,3.25,2.6,3.25,2.37,3.3,2.4,3.2,2.38,3.25,2.6,2.36,3.3,3.21,30,2.26,2.18,1.74,1.68,20,-0.25,2.05,2,1.91,1.87,2.24,3.25,0
516,18,8,9,8,2,0,2.5,3.2,2.5,3.1,2.4,3.3,2.51,3.27,2.5,3.1,2.5,3.2,2.57,2.49,3.3,3.15,34,2.4,2.3,1.67,1.62,21,-0.25,2.16,2.1,1.83,1.8,2.35,3.23,0
517,21,11,8,7,1,0,2.05,3.7,2.05,3.6,2.15,3.4,2.07,3.7,2,3.6,2.1,3.6,2.15,2.06,3.8,3.64,37,1.68,1.63,2.38,2.28,22,-0.25,1.82,1.78,2.17,2.1,2.11,3.53,0
518,12,2,11,3,1,0,1.91,3.6,1.85,3.5,1.8,3.6,1.87,3.58,1.85,3.6,1.87,3.5,1.91,1.85,3.6,3.49,30,2.21,2.11,1.78,1.72,17,-0.5,1.9,1.85,2.08,2.03,1.86,3.57,0
519,10,3,12,0,0,0,5.5,3.75,5.5,3.8,5.3,3.8,5.86,4.03,5.5,3.8,6,3.9,6,5.56,4.03,3.8,38,2.07,2,1.87,1.81,21,0.75,2.08,2.03,1.87,1.84,6.35,4.15,1
520,15,4,9,5,0,0,1.19,7,1.18,7.25,1.2,6.5,1.19,7.42,1.22,5.5,1.18,7.5,1.22,1.19,7.5,6.72,29,1.75,1.67,2.3,2.2,20,-2,2.11,2.05,1.86,1.83,1.2,7.45,1
521,14,4,14,3,1,0,1.4,5.25,1.42,4.75,1.4,5,1.42,5.02,1.38,5,1.4,5.25,1.42,1.4,5.3,5.03,33,1.56,1.52,2.75,2.55,21,-1.5,2.14,2.08,1.86,1.79,1.33,5.93,1
522,10,4,11,7,2,0,2.4,3.25,2.4,3.1,2.2,3.35,2.41,3.28,2.38,3.1,2.38,3.25,2.5,2.38,3.35,3.2,32,2.28,2.17,1.75,1.7,16,-0.25,2.06,2.03,1.9,1.86,2.52,3.26,0
523,12,4,7,5,0,0,1.2,7.5,1.2,6.75,1.2,6.5,1.2,7.42,1.18,7,1.2,7.5,1.22,1.2,7.75,7.06,32,1.54,1.49,2.75,2.59,22,-2,2.03,1.96,1.94,1.9,1.2,7.28,1
524,14,5,11,7,4,0,2.5,3.6,2.45,3.4,2.5,3.5,2.5,3.62,2.5,3.5,2.5,3.6,2.54,2.43,3.62,3.51,32,1.69,1.62,2.35,2.27,19,-0.25,2.19,2.11,1.83,1.78,2.49,3.5,1
525,12,6,9,3,1,0,1.75,3.75,1.72,3.7,1.75,3.6,1.76,3.74,1.75,3.6,1.8,3.5,1.8,1.75,3.8,3.65,34,2.25,2.18,1.75,1.69,20,-1,2.5,2.38,1.66,1.61,1.78,3.53,1
526,25,11,9,5,0,0,1.28,6,1.28,6,1.27,6,1.28,6.29,1.25,6,1.29,6,1.31,1.28,6.5,5.88,38,1.56,1.51,2.67,2.54,21,-1.75,2.06,2,1.91,1.86,1.27,6.5,1
527,11,4,6,2,0,0,4.5,3.8,4.5,3.75,4.8,3.6,4.39,3.85,4.5,3.5,4.6,3.8,4.8,4.41,3.85,3.69,32,1.87,1.8,2.1,2.03,16,0.5,2.12,2.06,1.88,1.83,4.37,3.92,1
528,24,8,5,4,0,0,1.11,11,1.12,9.5,1.12,9,1.12,10.57,1.08,10,1.11,11,1.13,1.11,11.34,9.76,31,1.4,1.37,3.2,3.03,19,-2.5,2.02,1.99,1.93,1.89,1.12,10.43,1
529,15,3,6,8,1,0,3.5,3.4,3.2,3.25,2.85,3.3,3.46,3.42,3.3,3.3,3.5,3.4,3.5,3.31,3.45,3.33,35,2.12,2.05,1.83,1.77,15,0.25,1.98,1.94,1.97,1.93,3.62,3.39,0
530,10,3,7,6,3,0,1.33,5,1.33,5.25,1.37,5,1.37,5.12,1.35,5,1.36,5.2,1.39,1.36,5.5,5.01,34,1.75,1.68,2.31,2.2,23,-1.5,2.18,2.1,1.85,1.78,1.47,4.47,0
531,10,6,10,1,2,0,1.25,6.5,1.22,6.25,1.25,6.1,1.23,6.4,1.22,6,1.25,6.5,1.26,1.24,6.75,6.29,35,1.5,1.46,2.8,2.67,23,-1.5,1.72,1.68,2.31,2.24,1.2,7.15,1
532,11,7,12,4,2,0,1.44,5,1.5,4.4,1.5,4.2,1.48,4.81,1.5,4.33,1.45,5,1.52,1.47,5,4.62,36,1.56,1.51,2.75,2.54,20,-1,1.79,1.74,2.24,2.16,1.52,4.55,1
533,24,8,8,8,1,0,1.39,5,1.36,5,1.4,4.8,1.41,5.1,1.36,5,1.36,5,1.42,1.38,5.2,4.86,33,1.76,1.72,2.2,2.13,20,-1.25,1.93,1.87,2.05,1.99,1.4,5.09,1
534,24,11,9,6,1,0,1.28,5.5,1.3,5.5,1.35,5.3,1.31,6.1,1.3,5.5,1.3,6,1.35,1.31,6.15,5.64,32,1.57,1.48,2.75,2.62,19,-1.5,1.9,1.85,2.06,2,1.31,6.05,1
535,12,4,12,4,3,0,1.65,4,1.65,3.75,1.65,3.8,1.72,3.92,1.67,3.6,1.67,4,1.72,1.68,4,3.83,36,1.93,1.85,2.04,1.96,18,-0.75,1.94,1.88,2.05,2,1.74,3.85,1
536,21,8,11,6,2,0,6.25,4,6,4,5.5,4,6.15,4.05,6,4,6,4,6.25,5.78,4.15,3.96,37,1.93,1.85,2,1.96,20,1,1.85,1.8,2.15,2.07,6.95,4.5,1
537,15,2,9,10,0,0,1.08,13,1.07,12,1.12,9,1.09,13.5,1.11,9,1.06,13,1.12,1.09,14,11.57,37,1.36,1.32,3.6,3.32,21,-2.75,1.97,1.92,1.99,1.94,1.08,14.4,0
538,21,6,9,5,2,0,1.75,3.8,1.72,3.7,1.7,3.85,1.74,3.93,1.73,3.8,1.73,3.9,1.77,1.73,4.15,3.86,36,1.83,1.78,2.15,2.04,22,-1,2.33,2.27,1.71,1.67,1.77,3.9,0
539,9,1,8,7,0,0,1.65,4,1.65,3.8,1.65,3.8,1.67,3.96,1.67,3.6,1.65,4,1.72,1.66,4.05,3.86,32,2.03,1.97,1.92,1.85,15,-0.75,1.87,1.84,2.09,2.05,1.69,3.99,0
540,15,3,14,5,3,0,5.5,4.4,5.5,4,5,4,5.57,4.36,5.5,4.2,5,4.4,5.69,5.31,4.43,4.25,32,1.65,1.6,2.5,2.34,22,1,1.9,1.84,2.07,2.02,5.1,3.98,0
541,15,7,6,8,1,0,1.19,7.5,1.2,6.75,1.25,6,1.19,8.05,1.2,7,1.18,7.5,1.25,1.19,8.07,7.18,34,1.62,1.57,2.55,2.41,22,-2,1.97,1.92,2.01,1.94,1.17,7.75,1
542,20,9,8,5,4,0,2.1,3.5,2.1,3.4,2.05,3.45,2.1,3.49,2.05,3.4,2.1,3.5,2.13,2.08,3.58,3.45,35,2.02,1.96,1.95,1.86,18,-0.25,1.83,1.78,2.17,2.12,1.99,3.54,1
543,30,7,10,8,2,0,1.75,3.6,1.7,3.6,1.8,3.5,1.74,3.65,1.75,3.5,1.75,3.6,1.8,1.74,3.72,3.55,37,2.4,2.28,1.69,1.63,24,-1,2.5,2.4,1.65,1.59,1.75,3.65,1
544,11,4,10,10,3,0,2.29,3.29,2.2,3.3,2.2,3.35,2.36,3.26,2.3,3.2,2.38,3.3,2.41,2.3,3.45,3.28,33,2.14,2.07,1.85,1.77,20,-0.25,2.02,1.97,1.96,1.9,2.31,3.28,0
545,6,3,8,1,2,0,2.14,3.1,2.05,3.1,2.1,3.05,2.16,3.04,2.15,3,2.15,3.1,2.18,2.12,3.2,3.06,34,2.71,2.55,1.56,1.51,19,-0.25,1.82,1.78,2.15,2.11,2.39,2.99,0
546,18,3,8,6,2,0,2.7,3.1,2.6,3,2.6,3.1,2.74,3.04,2.6,3,2.7,3,2.75,2.65,3.1,2.99,34,2.8,2.63,1.53,1.48,23,-0.25,2.3,2.22,1.74,1.69,2.84,2.96,1
547,10,2,12,8,1,0,2.75,3.25,2.65,3.2,2.7,3.15,2.78,3.25,2.62,3.25,2.75,3.2,2.81,2.69,3.3,3.19,36,2.35,2.23,1.7,1.66,20,-0.25,2.35,2.29,1.71,1.66,2.85,3.29,1
548,8,4,11,2,1,0,3.29,3.6,3.1,3.6,3.3,3.4,3.27,3.65,3.3,3.5,3.3,3.6,3.4,3.24,3.7,3.54,38,1.75,1.7,2.26,2.16,20,0.25,1.99,1.94,1.97,1.92,2.9,3.55,1
549,7,4,11,6,2,0,1.36,5.25,1.36,5,1.35,5.3,1.39,5.29,1.36,5,1.4,5,1.42,1.39,5.3,4.95,31,1.65,1.59,2.52,2.36,21,-1.5,2.18,2.1,1.81,1.77,1.46,4.66,1
550,5,2,10,4,6,0,7.5,4.5,7.25,4.5,6.2,4,7.45,4.67,7,4,7.5,4.6,7.5,6.98,4.67,4.4,30,1.91,1.8,2.1,2.02,23,1,2.16,2.09,1.83,1.78,7.55,4.68,1
551,27,10,9,9,0,0,1.53,4.5,1.5,4.6,1.47,4.5,1.53,4.55,1.53,4.2,1.53,4.5,1.55,1.51,4.6,4.43,37,1.65,1.61,2.43,2.32,21,-1,1.91,1.85,2.1,2.02,1.49,4.73,1
552,13,3,10,10,0,0,2.2,3.2,2.2,3.1,2.1,3.2,2.22,3.24,2.2,3.1,2.2,3.25,2.26,2.19,3.3,3.19,36,2.45,2.32,1.67,1.61,21,-0.25,1.9,1.86,2.05,1.99,2.25,3.32,1
553,7,3,9,3,2,0,5.5,4.2,5.5,4.25,5.3,3.9,5.5,4.19,5,4.2,5.75,4.2,5.75,5.38,4.3,4.13,36,1.75,1.7,2.22,2.14,22,1,1.87,1.82,2.1,2.05,5.6,3.97,1
554,14,6,9,4,1,0,1.33,6,1.3,5.75,1.3,5.5,1.33,5.95,1.3,6,1.33,5.75,1.35,1.31,6.25,5.74,35,1.47,1.41,3.02,2.84,20,-1.5,1.96,1.86,2.05,2,1.38,5.5,1
555,13,2,9,8,3,0,5,3.89,5,3.8,4.8,3.6,4.99,4.07,4.8,3.8,5.2,4,5.2,4.84,4.08,3.88,40,1.8,1.74,2.19,2.1,20,0.75,1.98,1.94,1.96,1.92,4.65,3.85,0
556,9,3,8,7,1,0,2.89,3.1,2.9,2.95,2.7,3.2,2.98,3.08,2.62,3.1,3,3.1,3,2.86,3.2,3.03,35,2.7,2.55,1.57,1.51,20,0.25,1.71,1.66,2.35,2.29,3.49,3.12,0
557,8,5,14,3,1,0,1.44,4.75,1.42,4.75,1.4,4.6,1.45,4.85,1.42,4.75,1.45,4.75,1.47,1.44,4.92,4.71,32,1.67,1.65,2.45,2.27,22,-1,1.75,1.7,2.28,2.21,1.41,5.22,1
558,6,4,12,2,2,0,1.72,3.79,1.7,3.7,1.7,3.7,1.72,3.82,1.73,3.5,1.67,3.8,1.75,1.71,3.85,3.68,30,2.12,2.04,1.85,1.79,19,-0.75,1.95,1.91,2.03,1.97,1.86,3.52,1
559,17,2,8,5,2,0,3.25,3.5,3.1,3.4,3.1,3.4,3.25,3.43,3.1,3.4,3.2,3.5,3.3,3.18,3.5,3.38,34,1.95,1.88,2.01,1.94,19,0.25,1.91,1.87,2.05,2,3.31,3.32,0
560,12,4,10,4,2,1,2.9,3.2,2.85,3.1,2.7,3.2,3.01,3.16,2.9,3.1,3,3.13,3.01,2.91,3.2,3.08,34,2.5,2.37,1.64,1.58,21,0.25,1.73,1.68,2.31,2.25,2.97,3.05,0
561,15,3,15,5,3,0,2.37,3.2,2.4,3.1,2.5,3.3,2.35,3.25,2.4,3.1,2.38,3.2,2.5,2.37,3.3,3.15,39,2.47,2.35,1.64,1.59,21,-0.25,2.05,1.98,1.96,1.88,2.53,3.15,0
562,9,4,9,5,0,0,3,3.2,2.95,3.1,2.7,3.2,3.11,3.17,3,3.1,3.1,3.2,3.11,2.99,3.25,3.14,36,2.38,2.22,1.73,1.66,19,0.25,1.79,1.74,2.21,2.15,2.78,3.16,1
563,12,7,12,4,3,0,4.1,3.9,4,3.7,3.75,3.8,3.87,3.9,3.9,3.75,4,3.9,4.1,3.84,3.95,3.8,33,1.64,1.6,2.42,2.33,21,0.75,1.76,1.72,2.25,2.19,4.52,4,1
564,22,6,19,11,2,0,1.3,5.75,1.28,5.5,1.33,5.3,1.33,5.68,1.3,5,1.3,5.5,1.35,1.31,5.75,5.29,35,1.76,1.7,2.25,2.16,19,-1.5,2.01,1.96,1.95,1.92,1.31,5.79,1
565,8,5,11,1,1,0,5,3.8,5,4,4.6,3.75,5.09,4.17,5,3.75,5.2,4,5.2,4.82,4.17,3.9,34,1.73,1.68,2.3,2.18,17,0.75,2.01,1.96,1.95,1.91,5.02,4.14,0
566,20,4,13,10,2,0,1.85,3.6,1.85,3.5,1.83,3.55,1.88,3.67,1.88,3.5,1.85,3.6,1.93,1.86,3.7,3.56,36,2.05,1.98,1.9,1.83,19,-0.75,2.2,2.12,1.82,1.77,1.78,3.67,1
567,6,1,12,3,0,0,4.2,3.75,4.1,3.6,4.1,3.5,4.25,3.71,4.2,3.6,4.3,3.7,4.33,4.06,3.76,3.65,40,1.94,1.84,2.05,1.97,18,0.75,1.77,1.73,2.25,2.18,3.78,3.39,0
568,19,4,6,7,1,0,2.8,3.25,2.7,3.3,2.65,3.3,2.9,3.48,2.75,3.4,2.8,3.5,2.9,2.78,3.5,3.36,34,1.88,1.81,2.07,2.01,17,0,2.08,2.02,1.9,1.85,2.64,3.55,0
569,11,3,7,7,2,0,3.1,3.25,3,3.25,3.05,3.2,3.09,3.31,3,3.2,3.1,3.2,3.15,3.04,3.33,3.2,39,2.41,2.3,1.68,1.62,19,0.25,1.82,1.78,2.16,2.11,3.34,3.19,0
570,6,2,11,4,3,0,3,3.1,2.8,3.1,2.7,3.2,2.94,3.2,2.8,3.1,2.9,3.2,3,2.88,3.26,3.12,39,2.42,2.32,1.67,1.61,19,0.25,1.73,1.69,2.3,2.23,2.79,3.18,0
571,15,9,11,8,1,0,2.04,3.6,2.05,3.3,2,3.4,2.08,3.57,2.1,3.3,2.1,3.6,2.13,2.05,3.64,3.5,42,1.93,1.85,2.02,1.97,20,-0.25,1.83,1.77,2.19,2.12,2.1,3.53,1
572,13,6,12,7,0,0,7.5,4.5,6.75,4.25,6.2,4,7.57,4.45,6.5,4.2,7,4.5,7.57,6.79,4.5,4.3,40,1.89,1.81,2.15,2.01,22,1,2.09,2.04,1.95,1.83,6.55,4.13,0
573,12,5,8,7,2,0,5,4,4.4,4,4.55,3.9,4.64,4.01,4.75,3.8,5,4,5,4.63,4.1,3.93,34,1.76,1.72,2.3,2.14,19,0.75,1.95,1.91,2.01,1.96,4.88,4.2,1
574,12,3,9,3,1,0,1.5,4.33,1.5,4,1.53,4.1,1.51,4.16,1.47,4,1.5,4.1,1.53,1.49,4.33,4.08,36,2.38,2.27,1.7,1.63,23,-1,1.94,1.87,2.05,1.99,1.61,3.71,0
575,10,1,23,8,3,0,1.75,3.75,1.72,3.6,1.7,3.65,1.76,3.68,1.73,3.6,1.75,3.75,1.8,1.74,3.75,3.63,36,2.13,2.04,1.87,1.78,21,-1,2.49,2.37,1.68,1.61,1.86,3.38,0
576,17,5,6,7,0,0,1.9,3.39,1.83,3.5,2,3.4,1.88,3.49,1.91,3.3,1.83,3.5,2,1.87,3.5,3.39,28,2.33,2.25,1.7,1.64,18,-0.75,2.2,2.15,1.82,1.75,1.81,3.72,1
577,14,7,15,8,3,0,1.75,3.9,1.75,3.7,1.75,3.7,1.78,3.77,1.75,3.7,1.8,3.6,1.81,1.76,3.9,3.7,33,2.15,2.06,1.83,1.77,22,-1,2.5,2.42,1.65,1.59,1.86,3.46,0
578,8,4,13,1,0,0,2.37,3.1,2.35,3.1,2.4,3.1,2.37,3.21,2.38,3.1,2.38,3.2,2.41,2.35,3.21,3.12,31,2.55,2.41,1.62,1.56,20,-0.25,2.02,1.99,1.93,1.9,2.47,3.1,0
579,23,13,12,4,1,0,1.36,5.25,1.34,5.25,1.35,5.3,1.39,5.24,1.33,4.5,1.36,5.25,1.4,1.37,5.4,5.02,32,1.6,1.57,2.52,2.4,17,-1.5,2.14,2.07,1.85,1.82,1.39,5.31,1
580,9,3,14,4,2,1,3,3.1,2.85,3,2.7,3.2,2.98,3.14,2.9,3.1,3,3.1,3.01,2.9,3.2,3.06,34,2.55,2.45,1.6,1.55,21,0.25,1.72,1.68,2.31,2.26,3.14,2.95,1
581,20,7,11,6,1,0,1.11,11,1.11,9.5,1.12,9,1.11,10.9,1.1,11,1.11,11,1.13,1.11,12,10.48,32,1.29,1.24,4.33,3.96,20,-2.75,2.08,2,1.9,1.87,1.1,11.92,1
582,12,4,14,7,0,0,2.14,3.5,2.15,3.4,2.1,3.2,2.21,3.57,2.2,3.3,2.2,3.5,2.28,2.18,3.6,3.42,40,1.92,1.86,2.03,1.95,21,-0.25,1.95,1.9,2.04,1.95,2.35,3.52,0
583,5,3,10,4,4,0,11,5,9.5,5.25,8,5.3,11.73,5.12,11,5,10,5,11.73,10.29,5.3,4.87,35,2.07,1.95,1.92,1.86,19,1.25,2.1,2.05,1.88,1.83,9.75,4.9,1
584,16,7,14,10,0,0,1.55,4,1.57,4,1.57,4.1,1.58,4.31,1.55,4.2,1.6,4.2,1.6,1.57,4.55,4.13,35,1.95,1.9,1.98,1.91,23,-1,2.05,2,1.95,1.88,1.6,3.81,0
585,15,6,10,4,3,0,2.55,3.5,2.5,3.3,2.55,3.25,2.59,3.43,2.5,3.3,2.6,3.3,2.6,2.54,3.5,3.32,34,2.15,2.06,1.81,1.77,19,-0.25,2.22,2.16,1.78,1.74,2.59,3.36,0
586,20,8,11,8,3,0,1.55,4.59,1.53,4.5,1.6,4,1.55,4.65,1.57,4.5,1.53,4.6,1.6,1.54,4.75,4.49,39,1.55,1.5,2.68,2.57,22,-1,1.88,1.83,2.12,2.04,1.53,4.55,1
587,5,2,9,3,1,0,4,3.39,4.1,3.5,3.8,3.4,4.64,3.55,4.33,3.4,4.75,3.5,4.75,4.31,3.6,3.44,39,2.25,2.15,1.75,1.7,17,0.75,1.78,1.72,2.23,2.17,4.58,3.59,0
588,19,9,11,9,1,0,1.16,9,1.14,8.5,1.12,9,1.15,8.79,1.14,8,1.15,8.5,1.17,1.15,9.5,8.5,33,1.35,1.32,3.6,3.32,21,-2.5,2.17,2.11,1.8,1.77,1.11,11.44,1
589,14,3,12,5,2,0,2.4,3.6,2.35,3.5,2.35,3.55,2.45,3.55,2.38,3.5,2.45,3.6,2.48,2.38,3.65,3.52,33,1.7,1.66,2.37,2.23,20,-0.25,2.11,2.06,1.85,1.82,2.42,3.54,1
590,19,6,10,6,2,0,1.53,4.5,1.5,4.33,1.53,4.5,1.56,4.36,1.53,4.33,1.53,4.6,1.58,1.53,4.75,4.45,29,1.5,1.47,2.75,2.62,22,-1,1.9,1.85,2.08,2.01,1.63,4.13,1
591,12,3,12,7,4,0,3.25,3.3,3.2,3.2,2.95,3.3,3.22,3.18,3.25,3.2,3.3,3.1,3.3,3.19,3.3,3.14,28,2.6,2.43,1.61,1.55,17,0.25,1.85,1.81,2.14,2.07,3.24,3.15,0
592,14,4,4,5,0,0,2.29,3.29,2.35,3.25,2.3,3.4,2.43,3.4,2.3,3.2,2.4,3.4,2.5,2.36,3.41,3.29,37,2.09,2.01,1.86,1.8,20,-0.25,2.08,2.01,1.88,1.84,2.3,3.43,0
593,19,7,5,4,0,0,1.12,10,1.13,8.75,1.12,9,1.13,9.71,1.12,10,1.13,10.5,1.15,1.13,11,9.25,37,1.4,1.36,3.35,3.08,21,-2.25,1.87,1.82,2.12,2.04,1.2,7.6,1
594,17,5,9,5,0,0,1.25,7,1.25,6.5,1.25,6,1.24,7.35,1.22,7,1.25,7,1.25,1.22,7.35,6.7,28,1.48,1.41,3,2.83,20,-2,2.07,2.01,1.9,1.85,1.2,8.3,1
595,19,5,12,11,3,0,1.12,8.5,1.14,8.75,1.15,8,1.17,8.35,1.15,8,1.17,8.5,1.18,1.16,9.5,8.29,32,1.35,1.31,3.6,3.42,20,-2,1.83,1.75,2.2,2.12,1.17,9.36,1
596,16,5,7,5,0,0,1.55,4.2,1.57,4,1.5,4.3,1.58,4.09,1.55,4,1.57,4,1.6,1.57,4.3,4.02,34,2.05,1.98,1.92,1.85,21,-1,2.05,1.98,1.95,1.89,1.53,4.35,1
597,21,12,5,7,1,0,1.16,8.5,1.16,7.5,1.22,6.5,1.18,8.01,1.17,7,1.18,7.5,1.22,1.17,8.5,7.45,31,1.5,1.46,2.85,2.79,21,-2,1.91,1.84,2.08,2.02,1.15,9.75,1
598,15,8,12,5,3,0,1.9,3.5,1.9,3.4,1.95,3.45,1.91,3.56,1.91,3.2,1.85,3.5,1.95,1.89,3.6,3.42,38,2.4,2.28,1.7,1.63,19,-0.5,1.91,1.86,2.07,2.01,1.89,3.51,1
599,23,6,10,12,3,0,1.25,6.5,1.25,5.75,1.25,6,1.24,6.67,1.25,6,1.25,6.5,1.3,1.24,6.75,6.01,34,1.85,1.75,2.17,2.09,20,-1.75,2.03,1.98,1.93,1.89,1.26,6.3,0
600,31,5,9,12,0,0,1.66,4,1.65,4,1.7,3.8,1.65,3.96,1.63,3.8,1.67,3.9,1.7,1.65,4.1,3.92,35,1.96,1.9,2,1.91,23,-1,2.2,2.13,1.81,1.76,1.66,3.79,0
